Circle Name,Region Name,Division Name,Office Name,Pincode,OfficeType,Delivery,District,StateName,,,,,,,,,,,,,,,,,
Maharashtra Circle,Pune Region,Pune City East Division,9 DRD B.O,411014,BO,Non Delivery,Pune,Maharashtra,,,,,,,,,,,,,,,,,
Maharashtra Circle,Pune Region,Pune City East Division,Airport S.O (Pune),411032,SO,Non Delivery,Pune,Maharashtra,,,,,,,,,,,,,,,,,
Maharashtra Circle,Pune Region,Pune City East Division,Akurdi S.O,411035,SO,Delivery,Pune,Maharashtra,,,,,,,,,,,,,,,,,
Maharashtra Circle,Pune Region,Pune City East Division,Ammunition Factory Khadki S.O,411003,SO,Non Delivery,Pune,Maharashtra,,,,,,,,,,,,,,,,,
Maharashtra Circle,Pune Region,Pune City East Division,Aundh Camp S.O,411027,SO,Delivery,Pune,Maharashtra,,,,,,,,,,,,,,,,,
Maharashtra Circle,Pune Region,Pune City East Division,Bhosari I.E. S.O,411026,SO,Delivery,Pune,Maharashtra,,,,,,,,,,,,,,,,,
Maharashtra Circle,Pune Region,Pune City East Division,Bhosarigoan S.O,411039,SO,Delivery,Pune,Maharashtra,,,,,,,,,,,,,,,,,
Maharashtra Circle,Pune Region,Pune City East Division,Bibvewadi S.O,411037,SO,Non Delivery,Pune,Maharashtra,,,,,,,,,,,,,,,,,
Maharashtra Circle,Pune Region,Pune City East Division,C D A (O) S.O,411001,SO,Non Delivery,Pune,Maharashtra,,,,,,,,,,,,,,,,,
Maharashtra Circle,Pune Region,Pune City East Division,C M E S.O,411031,SO,Delivery,Pune,Maharashtra,,,,,,,,,,,,,,,,,
Maharashtra Circle,Pune Region,Pune City East Division,Chikhali S.O,411062,SO,Non Delivery,Pune,Maharashtra,,,,,,,,,,,,,,,,,
Maharashtra Circle,Pune Region,Pune City East Division,Chinchwad East S.O,411019,SO,Delivery,Pune,Maharashtra,,,,,,,,,,,,,,,,,
Maharashtra Circle,Pune Region,Pune City East Division,Chinchwadgaon S.O,411033,SO,Delivery,Pune,Maharashtra,,,,,,,,,,,,,,,,,
Maharashtra Circle,Pune Region,Pune City East Division,Dapodi Bazar S.O,411012,SO,Non Delivery,Pune,Maharashtra,,,,,,,,,,,,,,,,,
Maharashtra Circle,Pune Region,Pune City East Division,Dapodi S.O,411012,SO,Delivery,Pune,Maharashtra,,,,,,,,,,,,,,,,,
Maharashtra Circle,Pune Region,Pune City East Division,Dhanori B.O,411015,BO,Delivery,Pune,Maharashtra,,,,,,,,,,,,,,,,,
Maharashtra Circle,Pune Region,Pune City East Division,Dighi Camp S.O,411015,SO,Delivery,Pune,Maharashtra,,,,,,,,,,,,,,,,,
Maharashtra Circle,Pune Region,Pune City East Division,Dr.B.A. Chowk S.O,411001,SO,Non Delivery,Pune,Maharashtra,,,,,,,,,,,,,,,,,
Maharashtra Circle,Pune Region,Pune City East Division,Dunkirk lines S.O,411014,SO,Delivery,Pune,Maharashtra,,,,,,,,,,,,,,,,,
Maharashtra Circle,Pune Region,Pune City East Division,East Khadki S.O,411003,SO,Non Delivery,Pune,Maharashtra,,,,,,,,,,,,,,,,,
Maharashtra Circle,Pune Region,Pune City East Division,Ghorpuri Bazar S.O,411001,SO,Non Delivery,Pune,Maharashtra,,,,,,,,,,,,,,,,,
Maharashtra Circle,Pune Region,Pune City East Division,Gondhale Nagar S.O,411028,SO,Non Delivery,Pune,Maharashtra,,,,,,,,,,,,,,,,,
Maharashtra Circle,Pune Region,Pune City East Division,H.E. Factory S.O,411003,SO,Non Delivery,Pune,Maharashtra,,,,,,,,,,,,,,,,,
Maharashtra Circle,Pune Region,Pune City East Division,Hadapsar S.O,411028,SO,Delivery,Pune,Maharashtra,,,,,,,,,,,,,,,,,
Maharashtra Circle,Pune Region,Pune City East Division,Hadpsar I.E. S.O,411013,SO,Delivery,Pune,Maharashtra,,,,,,,,,,,,,,,,,
Maharashtra Circle,Pune Region,Pune City East Division,Iaf Station S.O,411032,SO,Delivery,Pune,Maharashtra,,,,,,,,,,,,,,,,,
Maharashtra Circle,Pune Region,Pune City East Division,Indrayaninagar S.O,411026,SO,Non Delivery,Pune,Maharashtra,,,,,,,,,,,,,,,,,
Maharashtra Circle,Pune Region,Pune City East Division,Infotech Park (Hinjawadi) S.O,411057,SO,Delivery,Pune,Maharashtra,,,,,,,,,,,,,,,,,
Maharashtra Circle,Pune Region,Pune City East Division,Jambe B.O,411033,BO,Delivery,Pune,Maharashtra,,,,,,,,,,,,,,,,,
Maharashtra Circle,Pune Region,Pune City East Division,Kalewadi B.O,411017,BO,Non Delivery,Pune,Maharashtra,,,,,,,,,,,,,,,,,
Maharashtra Circle,Pune Region,Pune City East Division,Kasarwadi S.O,411034,SO,Delivery,Pune,Maharashtra,,,,,,,,,,,,,,,,,
Maharashtra Circle,Pune Region,Pune City East Division,Khadki Bazar S.O,411003,SO,Non Delivery,Pune,Maharashtra,,,,,,,,,,,,,,,,,
Maharashtra Circle,Pune Region,Pune City East Division,Khadki S.O,411003,SO,Delivery,Pune,Maharashtra,,,,,,,,,,,,,,,,,
Maharashtra Circle,Pune Region,Pune City East Division,Kondhwa BK B.O,411048,BO,Non Delivery,Pune,Maharashtra,,,,,,,,,,,,,,,,,
Maharashtra Circle,Pune Region,Pune City East Division,Kondhwa KH B.O,411048,BO,Non Delivery,Pune,Maharashtra,,,,,,,,,,,,,,,,,
Maharashtra Circle,Pune Region,Pune City East Division,Kondhwa Lh B.O,411048,BO,Delivery,Pune,Maharashtra,,,,,,,,,,,,,,,,,
Maharashtra Circle,Pune Region,Pune City East Division,Lohogaon S.O,411047,SO,Delivery,Pune,Maharashtra,,,,,,,,,,,,,,,,,
Maharashtra Circle,Pune Region,Pune City East Division,M.Phulenagar S.O,411019,SO,Non Delivery,Pune,Maharashtra,,,,,,,,,,,,,,,,,
Maharashtra Circle,Pune Region,Pune City East Division,Maan S.O,411057,SO,Non Delivery,Pune,Maharashtra,,,,,,,,,,,,,,,,,
Maharashtra Circle,Pune Region,Pune City East Division,Market Yard S.O (Pune),411037,SO,Delivery,Pune,Maharashtra,,,,,,,,,,,,,,,,,
Maharashtra Circle,Pune Region,Pune City East Division,Marunji B.O,411057,BO,Delivery,Pune,Maharashtra,,,,,,,,,,,,,,,,,
Maharashtra Circle,Pune Region,Pune City East Division,Masulkar Colony S.O,411018,SO,Non Delivery,Pune,Maharashtra,,,,,,,,,,,,,,,,,
Maharashtra Circle,Pune Region,Pune City East Division,Mohamadwadi S.O,411060,SO,Delivery,Pune,Maharashtra,,,,,,,,,,,,,,,,,
Maharashtra Circle,Pune Region,Pune City East Division,Mundhva AV S.O,411036,SO,Delivery,Pune,Maharashtra,,,,,,,,,,,,,,,,,
Maharashtra Circle,Pune Region,Pune City East Division,Mundhva B.O,411036,BO,Non Delivery,Pune,Maharashtra,,,,,,,,,,,,,,,,,
Maharashtra Circle,Pune Region,Pune City East Division,N I B M S.O,411048,SO,Delivery,Pune,Maharashtra,,,,,,,,,,,,,,,,,
Maharashtra Circle,Pune Region,Pune City East Division,N.W. College S.O,411001,SO,Non Delivery,Pune,Maharashtra,,,,,,,,,,,,,,,,,
Maharashtra Circle,Pune Region,Pune City East Division,Nehrunagar S.O (Pune),411018,SO,Non Delivery,Pune,Maharashtra,,,,,,,,,,,,,,,,,
Maharashtra Circle,Pune Region,Pune City East Division,P.C.N.T. S.O,411044,SO,Delivery,Pune,Maharashtra,,,,,,,,,,,,,,,,,
Maharashtra Circle,Pune Region,Pune City East Division,Pimple Gurav S.O,411061,SO,Delivery,Pune,Maharashtra,,,,,,,,,,,,,,,,,
Maharashtra Circle,Pune Region,Pune City East Division,Pimpri Colony S.O,411017,SO,Delivery,Pune,Maharashtra,,,,,,,,,,,,,,,,,
Maharashtra Circle,Pune Region,Pune City East Division,Pimpri P F S.O,411018,SO,Delivery,Pune,Maharashtra,,,,,,,,,,,,,,,,,
Maharashtra Circle,Pune Region,Pune City East Division,Pimpri Waghire S.O,411017,SO,Non Delivery,Pune,Maharashtra,,,,,,,,,,,,,,,,,
Maharashtra Circle,Pune Region,Pune City East Division,Punawale B.O,411033,BO,Delivery,Pune,Maharashtra,,,,,,,,,,,,,,,,,
Maharashtra Circle,Pune Region,Pune City East Division,Pune Cantt East S.O,411001,SO,Non Delivery,Pune,Maharashtra,,,,,,,,,,,,,,,,,
Maharashtra Circle,Pune Region,Pune City East Division,Pune H.O,411001,HO,Delivery,Pune,Maharashtra,,,,,,,,,,,,,,,,,
Maharashtra Circle,Pune Region,Pune City East Division,Pune New Bazar S.O,411001,SO,Non Delivery,Pune,Maharashtra,,,,,,,,,,,,,,,,,
Maharashtra Circle,Pune Region,Pune City East Division,Rupeenagar S.O,411062,SO,Delivery,Pune,Maharashtra,,,,,,,,,,,,,,,,,
Maharashtra Circle,Pune Region,Pune City East Division,Sachapir Street S.O,411001,SO,Non Delivery,Pune,Maharashtra,,,,,,,,,,,,,,,,,
Maharashtra Circle,Pune Region,Pune City East Division,Salisbury Park S.O,411037,SO,Non Delivery,Pune,Maharashtra,,,,,,,,,,,,,,,,,
Maharashtra Circle,Pune Region,Pune City East Division,Sangavi S.O,411027,SO,Non Delivery,Pune,Maharashtra,,,,,,,,,,,,,,,,,
Maharashtra Circle,Pune Region,Pune City East Division,Sasanenagar S.O,411028,SO,Non Delivery,Pune,Maharashtra,,,,,,,,,,,,,,,,,
Maharashtra Circle,Pune Region,Pune City East Division,Srpf S.O,411022,SO,Delivery,Pune,Maharashtra,,,,,,,,,,,,,,,,,
Maharashtra Circle,Pune Region,Pune City East Division,T.V. Nagar S.O,411037,SO,Non Delivery,Pune,Maharashtra,,,,,,,,,,,,,,,,,
Maharashtra Circle,Pune Region,Pune City East Division,Talawade B.O,411062,BO,Delivery,Pune,Maharashtra,,,,,,,,,,,,,,,,,
Maharashtra Circle,Pune Region,Pune City East Division,Tathawade B.O,411033,BO,Delivery,Pune,Maharashtra,,,,,,,,,,,,,,,,,
Maharashtra Circle,Pune Region,Pune City East Division,Thergaon B.O,411033,BO,Non Delivery,Pune,Maharashtra,,,,,,,,,,,,,,,,,
Maharashtra Circle,Pune Region,Pune City East Division,Vadgaon Sheri S.O,411014,SO,Non Delivery,Pune,Maharashtra,,,,,,,,,,,,,,,,,
Maharashtra Circle,Pune Region,Pune City East Division,Vadgaon Shinde B.O,411047,BO,Delivery,Pune,Maharashtra,,,,,,,,,,,,,,,,,
Maharashtra Circle,Pune Region,Pune City East Division,Vidyanagar S.O (Pune),411032,SO,Non Delivery,Pune,Maharashtra,,,,,,,,,,,,,,,,,
Maharashtra Circle,Pune Region,Pune City East Division,Viman nagar S.O,411014,SO,Non Delivery,Pune,Maharashtra,,,,,,,,,,,,,,,,,
Maharashtra Circle,Pune Region,Pune City East Division,Vishrantwadi S.O,411015,SO,Non Delivery,Pune,Maharashtra,,,,,,,,,,,,,,,,,
Maharashtra Circle,Pune Region,Pune City East Division,Wakad B.O,411057,BO,Non Delivery,Pune,Maharashtra,,,,,,,,,,,,,,,,,
Maharashtra Circle,Pune Region,Pune City East Division,Wanowarie S.O,411040,SO,Delivery,Pune,Maharashtra,,,,,,,,,,,,,,,,,
Maharashtra Circle,Pune Region,Pune City East Division,Yamunanagar S.O,411044,SO,Non Delivery,Pune,Maharashtra,,,,,,,,,,,,,,,,,
Maharashtra Circle,Pune Region,Pune City East Division,Yerwada S.O,411006,SO,Delivery,Pune,Maharashtra,,,,,,,,,,,,,,,,,
Maharashtra Circle,Pune Region,Pune City East Division,Yerwada T.S. S.O,411006,SO,Non Delivery,Pune,Maharashtra,,,,,,,,,,,,,,,,,
Maharashtra Circle,Pune Region,Pune City West Division,A.R. Shala S.O,411004,SO,Non Delivery,Pune,Maharashtra,,,,,,,,,,,,,,,,,
Maharashtra Circle,Pune Region,Pune City West Division,Ambegaon BK B.O,411046,BO,Non Delivery,Pune,Maharashtra,,,,,,,,,,,,,,,,,
Maharashtra Circle,Pune Region,Pune City West Division,Anandnagar S.O (Pune),411051,SO,Delivery,Pune,Maharashtra,,,,,,,,,,,,,,,,,
Maharashtra Circle,Pune Region,Pune City West Division,Armament S.O,411021,SO,Delivery,Pune,Maharashtra,,,,,,,,,,,,,,,,,
Maharashtra Circle,Pune Region,Pune City West Division,Aundh S.O (Pune),411067,SO,Delivery,Pune,Maharashtra,,,,,,,,,,,,,,,,,
Maharashtra Circle,Pune Region,Pune City West Division,Aundh T.S. S.O,411007,SO,Non Delivery,Pune,Maharashtra,,,,,,,,,,,,,,,,,
Maharashtra Circle,Pune Region,Pune City West Division,Bajirao Road S.O,411002,SO,Non Delivery,Pune,Maharashtra,,,,,,,,,,,,,,,,,
Maharashtra Circle,Pune Region,Pune City West Division,Baner B.O,411045,BO,Non Delivery,Pune,Maharashtra,,,,,,,,,,,,,,,,,
Maharashtra Circle,Pune Region,Pune City West Division,Baner Road S.O,411008,SO,Non Delivery,Pune,Maharashtra,,,,,,,,,,,,,,,,,
Maharashtra Circle,Pune Region,Pune City West Division,Bavdhan B.O,411021,BO,Delivery,Pune,Maharashtra,,,,,,,,,,,,,,,,,
Maharashtra Circle,Pune Region,Pune City West Division,Bhavani Peth S.O,411042,SO,Non Delivery,Pune,Maharashtra,,,,,,,,,,,,,,,,,
Maharashtra Circle,Pune Region,Pune City West Division,Bhusari Colony S.O,411038,SO,Non Delivery,Pune,Maharashtra,,,,,,,,,,,,,,,,,
Maharashtra Circle,Pune Region,Pune City West Division,Botanical Garden S.O (Pune),411020,SO,Non Delivery,Pune,Maharashtra,,,,,,,,,,,,,,,,,
Maharashtra Circle,Pune Region,Pune City West Division,Congress House Road S.O,411005,SO,Non Delivery,Pune,Maharashtra,,,,,,,,,,,,,,,,,
Maharashtra Circle,Pune Region,Pune City West Division,Deccan Gymkhana S.O,411004,SO,Delivery,Pune,Maharashtra,,,,,,,,,,,,,,,,,
Maharashtra Circle,Pune Region,Pune City West Division,Dhankawadi S.O,411043,SO,Delivery,Pune,Maharashtra,,,,,,,,,,,,,,,,,
Maharashtra Circle,Pune Region,Pune City West Division,Ex. Serviceman Colony S.O,411038,SO,Delivery,Pune,Maharashtra,,,,,,,,,,,,,,,,,
Maharashtra Circle,Pune Region,Pune City West Division,Film Institute S.O,411004,SO,Non Delivery,Pune,Maharashtra,,,,,,,,,,,,,,,,,
Maharashtra Circle,Pune Region,Pune City West Division,Ganeshkhind S.O,411007,SO,Delivery,Pune,Maharashtra,,,,,,,,,,,,,,,,,
Maharashtra Circle,Pune Region,Pune City West Division,Ghorpade Peth S.O,411042,SO,Non Delivery,Pune,Maharashtra,,,,,,,,,,,,,,,,,
Maharashtra Circle,Pune Region,Pune City West Division,Govt. Polytechnic S.O,411016,SO,Non Delivery,Pune,Maharashtra,,,,,,,,,,,,,,,,,
Maharashtra Circle,Pune Region,Pune City West Division,Guruwar Peth S.O,411042,SO,Non Delivery,Pune,Maharashtra,,,,,,,,,,,,,,,,,
Maharashtra Circle,Pune Region,Pune City West Division,Karvenagar S.O,411052,SO,Non Delivery,Pune,Maharashtra,,,,,,,,,,,,,,,,,
Maharashtra Circle,Pune Region,Pune City West Division,Kasba Peth S.O,411011,SO,Delivery,Pune,Maharashtra,,,,,,,,,,,,,,,,,
Maharashtra Circle,Pune Region,Pune City West Division,Katraj S.O,411046,SO,Delivery,Pune,Maharashtra,,,,,,,,,,,,,,,,,
Maharashtra Circle,Pune Region,Pune City West Division,Khadakwasla R.S. S.O,411024,SO,Delivery,Pune,Maharashtra,,,,,,,,,,,,,,,,,
Maharashtra Circle,Pune Region,Pune City West Division,Kothrud S.O,411038,SO,Non Delivery,Pune,Maharashtra,,,,,,,,,,,,,,,,,
Maharashtra Circle,Pune Region,Pune City West Division,Kudje B.O,411023,BO,Non Delivery,Pune,Maharashtra,,,,,,,,,,,,,,,,,
Maharashtra Circle,Pune Region,Pune City West Division,Lokmanyanagar S.O,411030,SO,Non Delivery,Pune,Maharashtra,,,,,,,,,,,,,,,,,
Maharashtra Circle,Pune Region,Pune City West Division,Mandvi BK B.O,411023,BO,Delivery,Pune,Maharashtra,,,,,,,,,,,,,,,,,
Maharashtra Circle,Pune Region,Pune City West Division,Mangalwar Peth S.O (Pune),411011,SO,Non Delivery,Pune,Maharashtra,,,,,,,,,,,,,,,,,
Maharashtra Circle,Pune Region,Pune City West Division,Model Colony S.O,411016,SO,Delivery,Pune,Maharashtra,,,,,,,,,,,,,,,,,
Maharashtra Circle,Pune Region,Pune City West Division,N.C.L. Pune S.O,411008,SO,Delivery,Pune,Maharashtra,,,,,,,,,,,,,,,,,
Maharashtra Circle,Pune Region,Pune City West Division,N.D.A. Khadakwasla S.O,411023,SO,Delivery,Pune,Maharashtra,,,,,,,,,,,,,,,,,
Maharashtra Circle,Pune Region,Pune City West Division,N.I.A. S.O,411045,SO,Delivery,Pune,Maharashtra,,,,,,,,,,,,,,,,,
Maharashtra Circle,Pune Region,Pune City West Division,Nana Peth S.O,411002,SO,Non Delivery,Pune,Maharashtra,,,,,,,,,,,,,,,,,
Maharashtra Circle,Pune Region,Pune City West Division,Nanded S.O (Pune),411068,SO,Delivery,Pune,Maharashtra,,,,,,,,,,,,,,,,,
Maharashtra Circle,Pune Region,Pune City West Division,Narayan Peth S.O,411030,SO,Non Delivery,Pune,Maharashtra,,,,,,,,,,,,,,,,,
Maharashtra Circle,Pune Region,Pune City West Division,Navsahyadri S.O,411052,SO,Delivery,Pune,Maharashtra,,,,,,,,,,,,,,,,,
Maharashtra Circle,Pune Region,Pune City West Division,Parvati Gaon S.O,411009,SO,Non Delivery,Pune,Maharashtra,,,,,,,,,,,,,,,,,
Maharashtra Circle,Pune Region,Pune City West Division,Parvati S.O,411009,SO,Delivery,Pune,Maharashtra,,,,,,,,,,,,,,,,,
Maharashtra Circle,Pune Region,Pune City West Division,Pune City H.O,411002,HO,Delivery,Pune,Maharashtra,,,,,,,,,,,,,,,,,
Maharashtra Circle,Pune Region,Pune City West Division,Range Hills S.O,411020,SO,Delivery,Pune,Maharashtra,,,,,,,,,,,,,,,,,
Maharashtra Circle,Pune Region,Pune City West Division,Rashtra Bhasha Bhavan S.O,411030,SO,Non Delivery,Pune,Maharashtra,,,,,,,,,,,,,,,,,
Maharashtra Circle,Pune Region,Pune City West Division,Rasta Peth S.O,411011,SO,Non Delivery,Pune,Maharashtra,,,,,,,,,,,,,,,,,
Maharashtra Circle,Pune Region,Pune City West Division,Raviwar Peth S.O,411002,SO,Non Delivery,Pune,Maharashtra,,,,,,,,,,,,,,,,,
Maharashtra Circle,Pune Region,Pune City West Division,S.P. College S.O,411030,SO,Delivery,Pune,Maharashtra,,,,,,,,,,,,,,,,,
Maharashtra Circle,Pune Region,Pune City West Division,S.S.C.Exam Board S.O,411005,SO,Non Delivery,Pune,Maharashtra,,,,,,,,,,,,,,,,,
Maharashtra Circle,Pune Region,Pune City West Division,Sadashiv Peth S.O,411030,SO,Non Delivery,Pune,Maharashtra,,,,,,,,,,,,,,,,,
Maharashtra Circle,Pune Region,Pune City West Division,Shaniwar Peth S.O (Pune),411030,SO,Non Delivery,Pune,Maharashtra,,,,,,,,,,,,,,,,,
Maharashtra Circle,Pune Region,Pune City West Division,Shivaji Housing Society S.O,411016,SO,Non Delivery,Pune,Maharashtra,,,,,,,,,,,,,,,,,
Maharashtra Circle,Pune Region,Pune City West Division,Shivajinagar S.O (Pune),411005,SO,Delivery,Pune,Maharashtra,,,,,,,,,,,,,,,,,
Maharashtra Circle,Pune Region,Pune City West Division,Shivane B.O,411023,BO,Delivery,Pune,Maharashtra,,,,,,,,,,,,,,,,,
Maharashtra Circle,Pune Region,Pune City West Division,Shukrawar Peth S.O (Pune),411002,SO,Non Delivery,Pune,Maharashtra,,,,,,,,,,,,,,,,,
Maharashtra Circle,Pune Region,Pune City West Division,Sinhgad Technical Education Society,411041,SO,Non Delivery,Pune,Maharashtra,,,,,,,,,,,,,,,,,
Maharashtra Circle,Pune Region,Pune City West Division,Sus B.O,411021,BO,Delivery,Pune,Maharashtra,,,,,,,,,,,,,,,,,
Maharashtra Circle,Pune Region,Pune City West Division,Swargate Chowk S.O,411042,SO,Non Delivery,Pune,Maharashtra,,,,,,,,,,,,,,,,,
Maharashtra Circle,Pune Region,Pune City West Division,Swargate S.O,411042,SO,Delivery,Pune,Maharashtra,,,,,,,,,,,,,,,,,
Maharashtra Circle,Pune Region,Pune City West Division,Uttamnagar B.O,411023,BO,Non Delivery,Pune,Maharashtra,,,,,,,,,,,,,,,,,
Maharashtra Circle,Pune Region,Pune City West Division,Vadgaon Budruk S.O,411041,SO,Delivery,Pune,Maharashtra,,,,,,,,,,,,,,,,,
Maharashtra Circle,Pune Region,Pune City West Division,Warje S.O,411058,SO,Delivery,Pune,Maharashtra,,,,,,,,,,,,,,,,,
Maharashtra Circle,Pune Region,Pune Moffusil Division,Adhale BK B.O,410506,BO,Delivery,Pune,Maharashtra,,,,,,,,,,,,,,,,,
Maharashtra Circle,Pune Region,Pune Moffusil Division,Adivare B.O,410509,BO,Delivery,Pune,Maharashtra,,,,,,,,,,,,,,,,,
Maharashtra Circle,Pune Region,Pune Moffusil Division,Agoti B.O,413132,BO,Delivery,Pune,Maharashtra,,,,,,,,,,,,,,,,,
Maharashtra Circle,Pune Region,Pune Moffusil Division,Ala S.O (Pune),412411,SO,Delivery,Pune,Maharashtra,,,,,,,,,,,,,,,,,
Maharashtra Circle,Pune Region,Pune Moffusil Division,Alande B.O,412205,BO,Delivery,Pune,Maharashtra,,,,,,,,,,,,,,,,,
Maharashtra Circle,Pune Region,Pune Moffusil Division,Alandi Chorachi B.O,412201,BO,Delivery,Pune,Maharashtra,,,,,,,,,,,,,,,,,
Maharashtra Circle,Pune Region,Pune Moffusil Division,Alandi Devachi S.O,412105,SO,Delivery,Pune,Maharashtra,,,,,,,,,,,,,,,,,
Maharashtra Circle,Pune Region,Pune Moffusil Division,Alegaon B.O,413801,BO,Delivery,Pune,Maharashtra,,,,,,,,,,,,,,,,,
Maharashtra Circle,Pune Region,Pune Moffusil Division,Alegaon B.O,412211,BO,Delivery,Pune,Maharashtra,,,,,,,,,,,,,,,,,
Maharashtra Circle,Pune Region,Pune Moffusil Division,Alephata B.O,412411,BO,Delivery,Pune,Maharashtra,,,,,,,,,,,,,,,,,
Maharashtra Circle,Pune Region,Pune Moffusil Division,Ambade B.O,412206,BO,Delivery,Pune,Maharashtra,,,,,,,,,,,,,,,,,
Maharashtra Circle,Pune Region,Pune Moffusil Division,Ambale B.O,410507,BO,Delivery,Pune,Maharashtra,,,,,,,,,,,,,,,,,
Maharashtra Circle,Pune Region,Pune Moffusil Division,Ambarvet B.O,412115,BO,Delivery,Pune,Maharashtra,,,,,,,,,,,,,,,,,
Maharashtra Circle,Pune Region,Pune Moffusil Division,Ambavade B.O,412206,BO,Delivery,Pune,Maharashtra,,,,,,,,,,,,,,,,,
Maharashtra Circle,Pune Region,Pune Moffusil Division,Ambavane B.O,410401,BO,Delivery,Pune,Maharashtra,,,,,,,,,,,,,,,,,
Maharashtra Circle,Pune Region,Pune Moffusil Division,Ambavane B.O,412213,BO,Delivery,Pune,Maharashtra,,,,,,,,,,,,,,,,,
Maharashtra Circle,Pune Region,Pune Moffusil Division,Ambeghar B.O,412206,BO,Delivery,Pune,Maharashtra,,,,,,,,,,,,,,,,,
Maharashtra Circle,Pune Region,Pune Moffusil Division,Ambethan B.O,410501,BO,Delivery,Pune,Maharashtra,,,,,,,,,,,,,,,,,
Maharashtra Circle,Pune Region,Pune Moffusil Division,Ambi B.O,410507,BO,Delivery,Pune,Maharashtra,,,,,,,,,,,,,,,,,
Maharashtra Circle,Pune Region,Pune Moffusil Division,Amble B.O,412211,BO,Delivery,Pune,Maharashtra,,,,,,,,,,,,,,,,,
Maharashtra Circle,Pune Region,Pune Moffusil Division,Amboli B.O,410502,BO,Delivery,Pune,Maharashtra,,,,,,,,,,,,,,,,,
Maharashtra Circle,Pune Region,Pune Moffusil Division,Amboli B.O,410505,BO,Delivery,Pune,Maharashtra,,,,,,,,,,,,,,,,,
Maharashtra Circle,Pune Region,Pune Moffusil Division,Amdabad B.O,412218,BO,Delivery,Pune,Maharashtra,,,,,,,,,,,,,,,,,
Maharashtra Circle,Pune Region,Pune Moffusil Division,Amondi B.O,412408,BO,Delivery,Pune,Maharashtra,,,,,,,,,,,,,,,,,
Maharashtra Circle,Pune Region,Pune Moffusil Division,Anantnagar Nigade B.O,412205,BO,Delivery,Pune,Maharashtra,,,,,,,,,,,,,,,,,
Maharashtra Circle,Pune Region,Pune Moffusil Division,Andgaon B.O,412115,BO,Delivery,Pune,Maharashtra,,,,,,,,,,,,,,,,,
Maharashtra Circle,Pune Region,Pune Moffusil Division,Andhalgaon B.O,412211,BO,Delivery,Pune,Maharashtra,,,,,,,,,,,,,,,,,
Maharashtra Circle,Pune Region,Pune Moffusil Division,Ane B.O,412410,BO,Delivery,Pune,Maharashtra,,,,,,,,,,,,,,,,,
Maharashtra Circle,Pune Region,Pune Moffusil Division,Anjanavale B.O,410502,BO,Delivery,Pune,Maharashtra,,,,,,,,,,,,,,,,,
Maharashtra Circle,Pune Region,Pune Moffusil Division,Anthurne B.O,413114,BO,Delivery,Pune,Maharashtra,,,,,,,,,,,,,,,,,
Maharashtra Circle,Pune Region,Pune Moffusil Division,Antroli B.O,412212,BO,Delivery,Pune,Maharashtra,,,,,,,,,,,,,,,,,
Maharashtra Circle,Pune Region,Pune Moffusil Division,Aptale B.O,410502,BO,Delivery,Pune,Maharashtra,,,,,,,,,,,,,,,,,
Maharashtra Circle,Pune Region,Pune Moffusil Division,Apti B.O,412206,BO,Delivery,Pune,Maharashtra,,,,,,,,,,,,,,,,,
Maharashtra Circle,Pune Region,Pune Moffusil Division,Arvi S.O (Pune),412401,SO,Delivery,Pune,Maharashtra,,,,,,,,,,,,,,,,,
Maharashtra Circle,Pune Region,Pune Moffusil Division,Arvi(Haveli) B.O,412205,BO,Delivery,Pune,Maharashtra,,,,,,,,,,,,,,,,,
Maharashtra Circle,Pune Region,Pune Moffusil Division,Asane B.O,410509,BO,Delivery,Pune,Maharashtra,,,,,,,,,,,,,,,,,
Maharashtra Circle,Pune Region,Pune Moffusil Division,Ashtapur B.O,412207,BO,Delivery,Pune,Maharashtra,,,,,,,,,,,,,,,,,
Maharashtra Circle,Pune Region,Pune Moffusil Division,Audar B.O,412404,BO,Delivery,Pune,Maharashtra,,,,,,,,,,,,,,,,,
Maharashtra Circle,Pune Region,Pune Moffusil Division,Avasari BK S.O,412406,SO,Delivery,Pune,Maharashtra,,,,,,,,,,,,,,,,,
Maharashtra Circle,Pune Region,Pune Moffusil Division,Avhat B.O,412402,BO,Delivery,Pune,Maharashtra,,,,,,,,,,,,,,,,,
Maharashtra Circle,Pune Region,Pune Moffusil Division,Avsari KH S.O,412405,SO,Delivery,Pune,Maharashtra,,,,,,,,,,,,,,,,,
Maharashtra Circle,Pune Region,Pune Moffusil Division,Babhurdi B.O,412204,BO,Delivery,Pune,Maharashtra,,,,,,,,,,,,,,,,,
Maharashtra Circle,Pune Region,Pune Moffusil Division,Bahul B.O,410501,BO,Delivery,Pune,Maharashtra,,,,,,,,,,,,,,,,,
Maharashtra Circle,Pune Region,Pune Moffusil Division,Ballalwadi B.O,410502,BO,Delivery,Pune,Maharashtra,,,,,,,,,,,,,,,,,
Maharashtra Circle,Pune Region,Pune Moffusil Division,Baramati Court S.O,413102,SO,Non Delivery,Pune,Maharashtra,,,,,,,,,,,,,,,,,
Maharashtra Circle,Pune Region,Pune Moffusil Division,Baramati H.O,413102,HO,Delivery,Pune,Maharashtra,,,,,,,,,,,,,,,,,
Maharashtra Circle,Pune Region,Pune Moffusil Division,Baramati MIDC S.O,413133,SO,Delivery,Pune,Maharashtra,,,,,,,,,,,,,,,,,
Maharashtra Circle,Pune Region,Pune Moffusil Division,Barhanpur B.O,413102,BO,Delivery,Pune,Maharashtra,,,,,,,,,,,,,,,,,
Maharashtra Circle,Pune Region,Pune Moffusil Division,Bari BK B.O,412206,BO,Delivery,Pune,Maharashtra,,,,,,,,,,,,,,,,,
Maharashtra Circle,Pune Region,Pune Moffusil Division,Bawada S.O,413103,SO,Delivery,Pune,Maharashtra,,,,,,,,,,,,,,,,,
Maharashtra Circle,Pune Region,Pune Moffusil Division,Bazarwadi B.O,412206,BO,Delivery,Pune,Maharashtra,,,,,,,,,,,,,,,,,
Maharashtra Circle,Pune Region,Pune Moffusil Division,Beam Wirelee Station B.O,413801,BO,Delivery,Pune,Maharashtra,,,,,,,,,,,,,,,,,
Maharashtra Circle,Pune Region,Pune Moffusil Division,Bebedhol B.O,410506,BO,Delivery,Pune,Maharashtra,,,,,,,,,,,,,,,,,
Maharashtra Circle,Pune Region,Pune Moffusil Division,Belawade B.O,412108,BO,Delivery,Pune,Maharashtra,,,,,,,,,,,,,,,,,
Maharashtra Circle,Pune Region,Pune Moffusil Division,Belawadi B.O,413104,BO,Delivery,Pune,Maharashtra,,,,,,,,,,,,,,,,,
Maharashtra Circle,Pune Region,Pune Moffusil Division,Belha S.O,412410,SO,Delivery,Pune,Maharashtra,,,,,,,,,,,,,,,,,
Maharashtra Circle,Pune Region,Pune Moffusil Division,Belsar B.O,412303,BO,Delivery,Pune,Maharashtra,,,,,,,,,,,,,,,,,
Maharashtra Circle,Pune Region,Pune Moffusil Division,Bet Narayan Maharaj B.O,412203,BO,Delivery,Pune,Maharashtra,,,,,,,,,,,,,,,,,
Maharashtra Circle,Pune Region,Pune Moffusil Division,Bhadas B.O,412108,BO,Delivery,Pune,Maharashtra,,,,,,,,,,,,,,,,,
Maharashtra Circle,Pune Region,Pune Moffusil Division,Bhamburde B.O,412209,BO,Delivery,Pune,Maharashtra,,,,,,,,,,,,,,,,,
Maharashtra Circle,Pune Region,Pune Moffusil Division,Bhandgaon B.O,412214,BO,Delivery,Pune,Maharashtra,,,,,,,,,,,,,,,,,
Maharashtra Circle,Pune Region,Pune Moffusil Division,Bhandgaon B.O,413103,BO,Delivery,Pune,Maharashtra,,,,,,,,,,,,,,,,,
Maharashtra Circle,Pune Region,Pune Moffusil Division,Bhatghar B.O,412206,BO,Delivery,Pune,Maharashtra,,,,,,,,,,,,,,,,,
Maharashtra Circle,Pune Region,Pune Moffusil Division,Bhavaninagar S.O (Pune),413104,SO,Delivery,Pune,Maharashtra,,,,,,,,,,,,,,,,,
Maharashtra Circle,Pune Region,Pune Moffusil Division,Bhigwan R S S.O,413105,SO,Delivery,Pune,Maharashtra,,,,,,,,,,,,,,,,,
Maharashtra Circle,Pune Region,Pune Moffusil Division,Bhigwan S.O,413130,SO,Delivery,Pune,Maharashtra,,,,,,,,,,,,,,,,,
Maharashtra Circle,Pune Region,Pune Moffusil Division,Bhimashankar B.O,410509,BO,Delivery,Pune,Maharashtra,,,,,,,,,,,,,,,,,
Maharashtra Circle,Pune Region,Pune Moffusil Division,Bhivadi B.O,412301,BO,Delivery,Pune,Maharashtra,,,,,,,,,,,,,,,,,
Maharashtra Circle,Pune Region,Pune Moffusil Division,Bhivari B.O,412301,BO,Delivery,Pune,Maharashtra,,,,,,,,,,,,,,,,,
Maharashtra Circle,Pune Region,Pune Moffusil Division,Bhodani B.O,413103,BO,Delivery,Pune,Maharashtra,,,,,,,,,,,,,,,,,
Maharashtra Circle,Pune Region,Pune Moffusil Division,Bhondave Wadi B.O,412204,BO,Delivery,Pune,Maharashtra,,,,,,,,,,,,,,,,,
Maharashtra Circle,Pune Region,Pune Moffusil Division,Bhongavali B.O,412205,BO,Delivery,Pune,Maharashtra,,,,,,,,,,,,,,,,,
Maharashtra Circle,Pune Region,Pune Moffusil Division,Bhor S.O,412206,SO,Delivery,Pune,Maharashtra,,,,,,,,,,,,,,,,,
Maharashtra Circle,Pune Region,Pune Moffusil Division,Bhorghar B.O,410509,BO,Delivery,Pune,Maharashtra,,,,,,,,,,,,,,,,,
Maharashtra Circle,Pune Region,Pune Moffusil Division,Bhorgiri B.O,412402,BO,Delivery,Pune,Maharashtra,,,,,,,,,,,,,,,,,
Maharashtra Circle,Pune Region,Pune Moffusil Division,Bhose B.O,410501,BO,Delivery,Pune,Maharashtra,,,,,,,,,,,,,,,,,
Maharashtra Circle,Pune Region,Pune Moffusil Division,Bhoyare B.O,412106,BO,Delivery,Pune,Maharashtra,,,,,,,,,,,,,,,,,
Maharashtra Circle,Pune Region,Pune Moffusil Division,Bhugaon B.O,412115,BO,Delivery,Pune,Maharashtra,,,,,,,,,,,,,,,,,
Maharashtra Circle,Pune Region,Pune Moffusil Division,Bhukum B.O,412115,BO,Delivery,Pune,Maharashtra,,,,,,,,,,,,,,,,,
Maharashtra Circle,Pune Region,Pune Moffusil Division,Bhutonde B.O,412206,BO,Delivery,Pune,Maharashtra,,,,,,,,,,,,,,,,,
Maharashtra Circle,Pune Region,Pune Moffusil Division,Bibi B.O,410513,BO,Delivery,Pune,Maharashtra,,,,,,,,,,,,,,,,,
Maharashtra Circle,Pune Region,Pune Moffusil Division,Bijawadi B.O,413106,BO,Delivery,Pune,Maharashtra,,,,,,,,,,,,,,,,,
Maharashtra Circle,Pune Region,Pune Moffusil Division,Bopgaon B.O,412301,BO,Delivery,Pune,Maharashtra,,,,,,,,,,,,,,,,,
Maharashtra Circle,Pune Region,Pune Moffusil Division,Bori Aindi B.O,412202,BO,Delivery,Pune,Maharashtra,,,,,,,,,,,,,,,,,
Maharashtra Circle,Pune Region,Pune Moffusil Division,Bori B.O,413104,BO,Delivery,Pune,Maharashtra,,,,,,,,,,,,,,,,,
Maharashtra Circle,Pune Region,Pune Moffusil Division,Bori BK B.O,412411,BO,Delivery,Pune,Maharashtra,,,,,,,,,,,,,,,,,
Maharashtra Circle,Pune Region,Pune Moffusil Division,Bori Paradhi B.O,412203,BO,Delivery,Pune,Maharashtra,,,,,,,,,,,,,,,,,
Maharashtra Circle,Pune Region,Pune Moffusil Division,Boribyal B.O,413801,BO,Delivery,Pune,Maharashtra,,,,,,,,,,,,,,,,,
Maharashtra Circle,Pune Region,Pune Moffusil Division,Burunjwadi B.O,412208,BO,Delivery,Pune,Maharashtra,,,,,,,,,,,,,,,,,
Maharashtra Circle,Pune Region,Pune Moffusil Division,Chakan S.O,410501,SO,Delivery,Pune,Maharashtra,,,,,,,,,,,,,,,,,
Maharashtra Circle,Pune Region,Pune Moffusil Division,Chambli B.O,412301,BO,Delivery,Pune,Maharashtra,,,,,,,,,,,,,,,,,
Maharashtra Circle,Pune Region,Pune Moffusil Division,Chandkhed B.O,410506,BO,Delivery,Pune,Maharashtra,,,,,,,,,,,,,,,,,
Maharashtra Circle,Pune Region,Pune Moffusil Division,Chandoli BK B.O,410503,BO,Delivery,Pune,Maharashtra,,,,,,,,,,,,,,,,,
Maharashtra Circle,Pune Region,Pune Moffusil Division,Charoli BK B.O,412105,BO,Delivery,Pune,Maharashtra,,,,,,,,,,,,,,,,,
Maharashtra Circle,Pune Region,Pune Moffusil Division,Chas B.O,410515,BO,Delivery,Pune,Maharashtra,,,,,,,,,,,,,,,,,
Maharashtra Circle,Pune Region,Pune Moffusil Division,Chas S.O (Pune),410513,SO,Delivery,Pune,Maharashtra,,,,,,,,,,,,,,,,,
Maharashtra Circle,Pune Region,Pune Moffusil Division,Chavand B.O,410502,BO,Delivery,Pune,Maharashtra,,,,,,,,,,,,,,,,,
Maharashtra Circle,Pune Region,Pune Moffusil Division,Chikhalgaon B.O,412206,BO,Delivery,Pune,Maharashtra,,,,,,,,,,,,,,,,,
Maharashtra Circle,Pune Region,Pune Moffusil Division,Chilewadi B.O,412409,BO,Delivery,Pune,Maharashtra,,,,,,,,,,,,,,,,,
Maharashtra Circle,Pune Region,Pune Moffusil Division,Chimbli B.O,412105,BO,Delivery,Pune,Maharashtra,,,,,,,,,,,,,,,,,
Maharashtra Circle,Pune Region,Pune Moffusil Division,Chinchani Camp B.O,412210,BO,Delivery,Pune,Maharashtra,,,,,,,,,,,,,,,,,
Maharashtra Circle,Pune Region,Pune Moffusil Division,Chincholi B.O,412218,BO,Delivery,Pune,Maharashtra,,,,,,,,,,,,,,,,,
Maharashtra Circle,Pune Region,Pune Moffusil Division,Chincholi B.O,413130,BO,Delivery,Pune,Maharashtra,,,,,,,,,,,,,,,,,
Maharashtra Circle,Pune Region,Pune Moffusil Division,Chinchoshi B.O,410505,BO,Delivery,Pune,Maharashtra,,,,,,,,,,,,,,,,,
Maharashtra Circle,Pune Region,Pune Moffusil Division,Cod Dehu Road S.O,412101,SO,Non Delivery,Pune,Maharashtra,,,,,,,,,,,,,,,,,
Maharashtra Circle,Pune Region,Pune Moffusil Division,Dahitane B.O,412207,BO,Delivery,Pune,Maharashtra,,,,,,,,,,,,,,,,,
Maharashtra Circle,Pune Region,Pune Moffusil Division,Dalaj B.O,413132,BO,Delivery,Pune,Maharashtra,,,,,,,,,,,,,,,,,
Maharashtra Circle,Pune Region,Pune Moffusil Division,Dapode B.O,412213,BO,Delivery,Pune,Maharashtra,,,,,,,,,,,,,,,,,
Maharashtra Circle,Pune Region,Pune Moffusil Division,Dapodi B.O,412203,BO,Delivery,Pune,Maharashtra,,,,,,,,,,,,,,,,,
Maharashtra Circle,Pune Region,Pune Moffusil Division,Dasve Lavasa S.O,412112,SO,Delivery,Pune,Maharashtra,,,,,,,,,,,,,,,,,
Maharashtra Circle,Pune Region,Pune Moffusil Division,Daund S.O,413801,SO,Delivery,Pune,Maharashtra,,,,,,,,,,,,,,,,,
Maharashtra Circle,Pune Region,Pune Moffusil Division,Daundaj B.O,412305,BO,Delivery,Pune,Maharashtra,,,,,,,,,,,,,,,,,
Maharashtra Circle,Pune Region,Pune Moffusil Division,Dawadi B.O,410505,BO,Delivery,Pune,Maharashtra,,,,,,,,,,,,,,,,,
Maharashtra Circle,Pune Region,Pune Moffusil Division,Dawanewadi B.O,412311,BO,Delivery,Pune,Maharashtra,,,,,,,,,,,,,,,,,
Maharashtra Circle,Pune Region,Pune Moffusil Division,Degaon B.O,412213,BO,Delivery,Pune,Maharashtra,,,,,,,,,,,,,,,,,
Maharashtra Circle,Pune Region,Pune Moffusil Division,Dehane B.O,412402,BO,Delivery,Pune,Maharashtra,,,,,,,,,,,,,,,,,
Maharashtra Circle,Pune Region,Pune Moffusil Division,Dehu Road Cantt S.O,412101,SO,Delivery,Pune,Maharashtra,,,,,,,,,,,,,,,,,
Maharashtra Circle,Pune Region,Pune Moffusil Division,Dehu S.O,412109,SO,Delivery,Pune,Maharashtra,,,,,,,,,,,,,,,,,
Maharashtra Circle,Pune Region,Pune Moffusil Division,Delwadi B.O,412214,BO,Delivery,Pune,Maharashtra,,,,,,,,,,,,,,,,,
Maharashtra Circle,Pune Region,Pune Moffusil Division,Deulgaonraja B.O,413801,BO,Delivery,Pune,Maharashtra,,,,,,,,,,,,,,,,,
Maharashtra Circle,Pune Region,Pune Moffusil Division,Devale B.O,410502,BO,Delivery,Pune,Maharashtra,,,,,,,,,,,,,,,,,
Maharashtra Circle,Pune Region,Pune Moffusil Division,Dhakale B.O,413110,BO,Delivery,Pune,Maharashtra,,,,,,,,,,,,,,,,,
Maharashtra Circle,Pune Region,Pune Moffusil Division,Dhamane B.O,410506,BO,Delivery,Pune,Maharashtra,,,,,,,,,,,,,,,,,
Maharashtra Circle,Pune Region,Pune Moffusil Division,Dhamani S.O,410508,SO,Delivery,Pune,Maharashtra,,,,,,,,,,,,,,,,,
Maharashtra Circle,Pune Region,Pune Moffusil Division,Dhamari B.O,412403,BO,Delivery,Pune,Maharashtra,,,,,,,,,,,,,,,,,
Maharashtra Circle,Pune Region,Pune Moffusil Division,Dhangavadi B.O,412205,BO,Delivery,Pune,Maharashtra,,,,,,,,,,,,,,,,,
Maharashtra Circle,Pune Region,Pune Moffusil Division,Dhanore B.O,412105,BO,Delivery,Pune,Maharashtra,,,,,,,,,,,,,,,,,
Maharashtra Circle,Pune Region,Pune Moffusil Division,Dhanore B.O,412208,BO,Delivery,Pune,Maharashtra,,,,,,,,,,,,,,,,,
Maharashtra Circle,Pune Region,Pune Moffusil Division,Dhekalwadi B.O,413104,BO,Delivery,Pune,Maharashtra,,,,,,,,,,,,,,,,,
Maharashtra Circle,Pune Region,Pune Moffusil Division,Dholwad B.O,412409,BO,Delivery,Pune,Maharashtra,,,,,,,,,,,,,,,,,
Maharashtra Circle,Pune Region,Pune Moffusil Division,Dimbhe Colony S.O,410509,SO,Delivery,Pune,Maharashtra,,,,,,,,,,,,,,,,,
Maharashtra Circle,Pune Region,Pune Moffusil Division,Dingore B.O,412409,BO,Delivery,Pune,Maharashtra,,,,,,,,,,,,,,,,,
Maharashtra Circle,Pune Region,Pune Moffusil Division,Diwa B.O,412301,BO,Delivery,Pune,Maharashtra,,,,,,,,,,,,,,,,,
Maharashtra Circle,Pune Region,Pune Moffusil Division,Donda B.O,410505,BO,Delivery,Pune,Maharashtra,,,,,,,,,,,,,,,,,
Maharashtra Circle,Pune Region,Pune Moffusil Division,Donje B.O,411025,BO,Delivery,Pune,Maharashtra,,,,,,,,,,,,,,,,,
Maharashtra Circle,Pune Region,Pune Moffusil Division,Dorlewadi B.O,413102,BO,Delivery,Pune,Maharashtra,,,,,,,,,,,,,,,,,
Maharashtra Circle,Pune Region,Pune Moffusil Division,Eklahare B.O,412402,BO,Delivery,Pune,Maharashtra,,,,,,,,,,,,,,,,,
Maharashtra Circle,Pune Region,Pune Moffusil Division,Fulgaon B.O,412216,BO,Delivery,Pune,Maharashtra,,,,,,,,,,,,,,,,,
Maharashtra Circle,Pune Region,Pune Moffusil Division,Gadad B.O,410501,BO,Delivery,Pune,Maharashtra,,,,,,,,,,,,,,,,,
Maharashtra Circle,Pune Region,Pune Moffusil Division,Galandwadi B.O,412203,BO,Delivery,Pune,Maharashtra,,,,,,,,,,,,,,,,,
Maharashtra Circle,Pune Region,Pune Moffusil Division,Ganegaon Dumala B.O,412211,BO,Delivery,Pune,Maharashtra,,,,,,,,,,,,,,,,,
Maharashtra Circle,Pune Region,Pune Moffusil Division,Ganegaon Khalasa B.O,412209,BO,Delivery,Pune,Maharashtra,,,,,,,,,,,,,,,,,
Maharashtra Circle,Pune Region,Pune Moffusil Division,Gangapur KH B.O,410516,BO,Delivery,Pune,Maharashtra,,,,,,,,,,,,,,,,,
Maharashtra Circle,Pune Region,Pune Moffusil Division,Garade B.O,412301,BO,Delivery,Pune,Maharashtra,,,,,,,,,,,,,,,,,
Maharashtra Circle,Pune Region,Pune Moffusil Division,Gawadewadi B.O,412405,BO,Delivery,Pune,Maharashtra,,,,,,,,,,,,,,,,,
Maharashtra Circle,Pune Region,Pune Moffusil Division,Ghodegaon S.O (Pune),412408,SO,Delivery,Pune,Maharashtra,,,,,,,,,,,,,,,,,
Maharashtra Circle,Pune Region,Pune Moffusil Division,Ghotavade B.O,412115,BO,Delivery,Pune,Maharashtra,,,,,,,,,,,,,,,,,
Maharashtra Circle,Pune Region,Pune Moffusil Division,Ghotawadi B.O,410505,BO,Delivery,Pune,Maharashtra,,,,,,,,,,,,,,,,,
Maharashtra Circle,Pune Region,Pune Moffusil Division,Ghotondi B.O,413120,BO,Delivery,Pune,Maharashtra,,,,,,,,,,,,,,,,,
Maharashtra Circle,Pune Region,Pune Moffusil Division,Girawali B.O,412408,BO,Delivery,Pune,Maharashtra,,,,,,,,,,,,,,,,,
Maharashtra Circle,Pune Region,Pune Moffusil Division,Girim B.O,413801,BO,Delivery,Pune,Maharashtra,,,,,,,,,,,,,,,,,
Maharashtra Circle,Pune Region,Pune Moffusil Division,Godre B.O,410502,BO,Delivery,Pune,Maharashtra,,,,,,,,,,,,,,,,,
Maharashtra Circle,Pune Region,Pune Moffusil Division,Gogalwadi(E) B.O,412205,BO,Delivery,Pune,Maharashtra,,,,,,,,,,,,,,,,,
Maharashtra Circle,Pune Region,Pune Moffusil Division,Gohe BK B.O,410509,BO,Delivery,Pune,Maharashtra,,,,,,,,,,,,,,,,,
Maharashtra Circle,Pune Region,Pune Moffusil Division,Golegaon B.O,412210,BO,Delivery,Pune,Maharashtra,,,,,,,,,,,,,,,,,
Maharashtra Circle,Pune Region,Pune Moffusil Division,Gopalwadi B.O,413801,BO,Delivery,Pune,Maharashtra,,,,,,,,,,,,,,,,,
Maharashtra Circle,Pune Region,Pune Moffusil Division,Gulani B.O,410505,BO,Delivery,Pune,Maharashtra,,,,,,,,,,,,,,,,,
Maharashtra Circle,Pune Region,Pune Moffusil Division,Gulunche B.O,412102,BO,Delivery,Pune,Maharashtra,,,,,,,,,,,,,,,,,
Maharashtra Circle,Pune Region,Pune Moffusil Division,Gunawadi B.O,413102,BO,Delivery,Pune,Maharashtra,,,,,,,,,,,,,,,,,
Maharashtra Circle,Pune Region,Pune Moffusil Division,Gunjalwadi B.O,412401,BO,Delivery,Pune,Maharashtra,,,,,,,,,,,,,,,,,
Maharashtra Circle,Pune Region,Pune Moffusil Division,Gunjawane B.O,412213,BO,Delivery,Pune,Maharashtra,,,,,,,,,,,,,,,,,
Maharashtra Circle,Pune Region,Pune Moffusil Division,Gurholi B.O,412104,BO,Delivery,Pune,Maharashtra,,,,,,,,,,,,,,,,,
Maharashtra Circle,Pune Region,Pune Moffusil Division,Hargude B.O,412311,BO,Delivery,Pune,Maharashtra,,,,,,,,,,,,,,,,,
Maharashtra Circle,Pune Region,Pune Moffusil Division,Harnas B.O,412206,BO,Delivery,Pune,Maharashtra,,,,,,,,,,,,,,,,,
Maharashtra Circle,Pune Region,Pune Moffusil Division,Harni B.O,412305,BO,Delivery,Pune,Maharashtra,,,,,,,,,,,,,,,,,
Maharashtra Circle,Pune Region,Pune Moffusil Division,Hatve BK B.O,412213,BO,Delivery,Pune,Maharashtra,,,,,,,,,,,,,,,,,
Maharashtra Circle,Pune Region,Pune Moffusil Division,Hingangaon B.O,413106,BO,Delivery,Pune,Maharashtra,,,,,,,,,,,,,,,,,
Maharashtra Circle,Pune Region,Pune Moffusil Division,Hingniberdi B.O,413801,BO,Delivery,Pune,Maharashtra,,,,,,,,,,,,,,,,,
Maharashtra Circle,Pune Region,Pune Moffusil Division,Hirdoshi B.O,412206,BO,Delivery,Pune,Maharashtra,,,,,,,,,,,,,,,,,
Maharashtra Circle,Pune Region,Pune Moffusil Division,Hivare B.O,412208,BO,Delivery,Pune,Maharashtra,,,,,,,,,,,,,,,,,
Maharashtra Circle,Pune Region,Pune Moffusil Division,Hivare B.O,412301,BO,Delivery,Pune,Maharashtra,,,,,,,,,,,,,,,,,
Maharashtra Circle,Pune Region,Pune Moffusil Division,Hivare BK B.O,410504,BO,Delivery,Pune,Maharashtra,,,,,,,,,,,,,,,,,
Maharashtra Circle,Pune Region,Pune Moffusil Division,Hivare KH B.O,412409,BO,Delivery,Pune,Maharashtra,,,,,,,,,,,,,,,,,
Maharashtra Circle,Pune Region,Pune Moffusil Division,Hol B.O,412306,BO,Delivery,Pune,Maharashtra,,,,,,,,,,,,,,,,,
Maharashtra Circle,Pune Region,Pune Moffusil Division,I.A.T S.O,411025,SO,Delivery,Pune,Maharashtra,,,,,,,,,,,,,,,,,
Maharashtra Circle,Pune Region,Pune Moffusil Division,Inamgaon B.O,412210,BO,Delivery,Pune,Maharashtra,,,,,,,,,,,,,,,,,
Maharashtra Circle,Pune Region,Pune Moffusil Division,Indapur Bazar S.O,413106,SO,Non Delivery,Pune,Maharashtra,,,,,,,,,,,,,,,,,
Maharashtra Circle,Pune Region,Pune Moffusil Division,Indapur S.O,413106,SO,Delivery,Pune,Maharashtra,,,,,,,,,,,,,,,,,
Maharashtra Circle,Pune Region,Pune Moffusil Division,Induri B.O,410507,BO,Delivery,Pune,Maharashtra,,,,,,,,,,,,,,,,,
Maharashtra Circle,Pune Region,Pune Moffusil Division,Inglun B.O,410502,BO,Delivery,Pune,Maharashtra,,,,,,,,,,,,,,,,,
Maharashtra Circle,Pune Region,Pune Moffusil Division,Inglun B.O,412106,BO,Delivery,Pune,Maharashtra,,,,,,,,,,,,,,,,,
Maharashtra Circle,Pune Region,Pune Moffusil Division,Ins Shivaji Lonavale S.O,410402,SO,Delivery,Pune,Maharashtra,,,,,,,,,,,,,,,,,
Maharashtra Circle,Pune Region,Pune Moffusil Division,Jalgaon Kadepathar B.O,413102,BO,Delivery,Pune,Maharashtra,,,,,,,,,,,,,,,,,
Maharashtra Circle,Pune Region,Pune Moffusil Division,Jambhali BK B.O,412213,BO,Delivery,Pune,Maharashtra,,,,,,,,,,,,,,,,,
Maharashtra Circle,Pune Region,Pune Moffusil Division,Jambhori B.O,410509,BO,Delivery,Pune,Maharashtra,,,,,,,,,,,,,,,,,
Maharashtra Circle,Pune Region,Pune Moffusil Division,Jambhut B.O,410504,BO,Delivery,Pune,Maharashtra,,,,,,,,,,,,,,,,,
Maharashtra Circle,Pune Region,Pune Moffusil Division,Jategaon BK B.O,412208,BO,Delivery,Pune,Maharashtra,,,,,,,,,,,,,,,,,
Maharashtra Circle,Pune Region,Pune Moffusil Division,Javalarjun B.O,412303,BO,Delivery,Pune,Maharashtra,,,,,,,,,,,,,,,,,
Maharashtra Circle,Pune Region,Pune Moffusil Division,Jejuri S.O,412303,SO,Delivery,Pune,Maharashtra,,,,,,,,,,,,,,,,,
Maharashtra Circle,Pune Region,Pune Moffusil Division,Jeur B.O,412305,BO,Delivery,Pune,Maharashtra,,,,,,,,,,,,,,,,,
Maharashtra Circle,Pune Region,Pune Moffusil Division,Jhargadwadi B.O,413102,BO,Delivery,Pune,Maharashtra,,,,,,,,,,,,,,,,,
Maharashtra Circle,Pune Region,Pune Moffusil Division,Jogwadi B.O,412206,BO,Delivery,Pune,Maharashtra,,,,,,,,,,,,,,,,,
Maharashtra Circle,Pune Region,Pune Moffusil Division,Junnar S.O,410502,SO,Delivery,Pune,Maharashtra,,,,,,,,,,,,,,,,,
Maharashtra Circle,Pune Region,Pune Moffusil Division,Kadadhe B.O,410513,BO,Delivery,Pune,Maharashtra,,,,,,,,,,,,,,,,,
Maharashtra Circle,Pune Region,Pune Moffusil Division,Kadam Wak Wasti B.O,412201,BO,Delivery,Pune,Maharashtra,,,,,,,,,,,,,,,,,
Maharashtra Circle,Pune Region,Pune Moffusil Division,Kadethan B.O,412215,BO,Delivery,Pune,Maharashtra,,,,,,,,,,,,,,,,,
Maharashtra Circle,Pune Region,Pune Moffusil Division,Kadus S.O,412404,SO,Delivery,Pune,Maharashtra,,,,,,,,,,,,,,,,,
Maharashtra Circle,Pune Region,Pune Moffusil Division,Kadve B.O,412107,BO,Delivery,Pune,Maharashtra,,,,,,,,,,,,,,,,,
Maharashtra Circle,Pune Region,Pune Moffusil Division,Kaivalyadham S.O,410403,SO,Delivery,Pune,Maharashtra,,,,,,,,,,,,,,,,,
Maharashtra Circle,Pune Region,Pune Moffusil Division,Kalamb B.O,413114,BO,Non Delivery,Pune,Maharashtra,,,,,,,,,,,,,,,,,
Maharashtra Circle,Pune Region,Pune Moffusil Division,Kalamb S.O (Pune),410515,SO,Delivery,Pune,Maharashtra,,,,,,,,,,,,,,,,,
Maharashtra Circle,Pune Region,Pune Moffusil Division,Kalas B.O,413105,BO,Delivery,Pune,Maharashtra,,,,,,,,,,,,,,,,,
Maharashtra Circle,Pune Region,Pune Moffusil Division,Kalashi B.O,413106,BO,Delivery,Pune,Maharashtra,,,,,,,,,,,,,,,,,
Maharashtra Circle,Pune Region,Pune Moffusil Division,Kaldari B.O,412311,BO,Delivery,Pune,Maharashtra,,,,,,,,,,,,,,,,,
Maharashtra Circle,Pune Region,Pune Moffusil Division,Kalewadi B.O,413801,BO,Delivery,Pune,Maharashtra,,,,,,,,,,,,,,,,,
Maharashtra Circle,Pune Region,Pune Moffusil Division,Kalthan B.O,413106,BO,Delivery,Pune,Maharashtra,,,,,,,,,,,,,,,,,
Maharashtra Circle,Pune Region,Pune Moffusil Division,Kalus B.O,410501,BO,Delivery,Pune,Maharashtra,,,,,,,,,,,,,,,,,
Maharashtra Circle,Pune Region,Pune Moffusil Division,Kalyan B.O,412205,BO,Delivery,Pune,Maharashtra,,,,,,,,,,,,,,,,,
Maharashtra Circle,Pune Region,Pune Moffusil Division,Kambaleshwar B.O,413110,BO,Delivery,Pune,Maharashtra,,,,,,,,,,,,,,,,,
Maharashtra Circle,Pune Region,Pune Moffusil Division,Kambegi B.O,412107,BO,Delivery,Pune,Maharashtra,,,,,,,,,,,,,,,,,
Maharashtra Circle,Pune Region,Pune Moffusil Division,Kamdhenunagar B.O,412202,BO,Delivery,Pune,Maharashtra,,,,,,,,,,,,,,,,,
Maharashtra Circle,Pune Region,Pune Moffusil Division,Kamshet S.O,410405,SO,Delivery,Pune,Maharashtra,,,,,,,,,,,,,,,,,
Maharashtra Circle,Pune Region,Pune Moffusil Division,Kamthadi B.O,412213,BO,Delivery,Pune,Maharashtra,,,,,,,,,,,,,,,,,
Maharashtra Circle,Pune Region,Pune Moffusil Division,Kanakwadi B.O,412206,BO,Delivery,Pune,Maharashtra,,,,,,,,,,,,,,,,,
Maharashtra Circle,Pune Region,Pune Moffusil Division,Kandali B.O,412412,BO,Delivery,Pune,Maharashtra,,,,,,,,,,,,,,,,,
Maharashtra Circle,Pune Region,Pune Moffusil Division,Kangaon B.O,412219,BO,Delivery,Pune,Maharashtra,,,,,,,,,,,,,,,,,
Maharashtra Circle,Pune Region,Pune Moffusil Division,Kanhe B.O,412106,BO,Delivery,Pune,Maharashtra,,,,,,,,,,,,,,,,,
Maharashtra Circle,Pune Region,Pune Moffusil Division,Kanhersar B.O,410505,BO,Delivery,Pune,Maharashtra,,,,,,,,,,,,,,,,,
Maharashtra Circle,Pune Region,Pune Moffusil Division,Kanhur B.O,412218,BO,Delivery,Pune,Maharashtra,,,,,,,,,,,,,,,,,
Maharashtra Circle,Pune Region,Pune Moffusil Division,Kapurhol B.O,412205,BO,Delivery,Pune,Maharashtra,,,,,,,,,,,,,,,,,
Maharashtra Circle,Pune Region,Pune Moffusil Division,Karandi B.O,412208,BO,Delivery,Pune,Maharashtra,,,,,,,,,,,,,,,,,
Maharashtra Circle,Pune Region,Pune Moffusil Division,Karandi BK B.O,412206,BO,Delivery,Pune,Maharashtra,,,,,,,,,,,,,,,,,
Maharashtra Circle,Pune Region,Pune Moffusil Division,Karandi Khedebare B.O,412213,BO,Delivery,Pune,Maharashtra,,,,,,,,,,,,,,,,,
Maharashtra Circle,Pune Region,Pune Moffusil Division,Karanjawane B.O,412209,BO,Delivery,Pune,Maharashtra,,,,,,,,,,,,,,,,,
Maharashtra Circle,Pune Region,Pune Moffusil Division,Karanjawane B.O,412213,BO,Delivery,Pune,Maharashtra,,,,,,,,,,,,,,,,,
Maharashtra Circle,Pune Region,Pune Moffusil Division,Karanje B.O,412306,BO,Delivery,Pune,Maharashtra,,,,,,,,,,,,,,,,,
Maharashtra Circle,Pune Region,Pune Moffusil Division,Karanjgaon B.O,410405,BO,Delivery,Pune,Maharashtra,,,,,,,,,,,,,,,,,
Maharashtra Circle,Pune Region,Pune Moffusil Division,Karawaghaj B.O,413102,BO,Delivery,Pune,Maharashtra,,,,,,,,,,,,,,,,,
Maharashtra Circle,Pune Region,Pune Moffusil Division,Karda B.O,412210,BO,Delivery,Pune,Maharashtra,,,,,,,,,,,,,,,,,
Maharashtra Circle,Pune Region,Pune Moffusil Division,Karegaon B.O,410512,BO,Delivery,Pune,Maharashtra,,,,,,,,,,,,,,,,,
Maharashtra Circle,Pune Region,Pune Moffusil Division,Karegaon B.O,412220,BO,Delivery,Pune,Maharashtra,,,,,,,,,,,,,,,,,
Maharashtra Circle,Pune Region,Pune Moffusil Division,Karhati B.O,412204,BO,Delivery,Pune,Maharashtra,,,,,,,,,,,,,,,,,
Maharashtra Circle,Pune Region,Pune Moffusil Division,Kari B.O,412206,BO,Delivery,Pune,Maharashtra,,,,,,,,,,,,,,,,,
Maharashtra Circle,Pune Region,Pune Moffusil Division,Karkhel B.O,413102,BO,Delivery,Pune,Maharashtra,,,,,,,,,,,,,,,,,
Maharashtra Circle,Pune Region,Pune Moffusil Division,Karla B.O,410405,BO,Delivery,Pune,Maharashtra,,,,,,,,,,,,,,,,,
Maharashtra Circle,Pune Region,Pune Moffusil Division,Karnawad B.O,412206,BO,Delivery,Pune,Maharashtra,,,,,,,,,,,,,,,,,
Maharashtra Circle,Pune Region,Pune Moffusil Division,Karunj B.O,410405,BO,Delivery,Pune,Maharashtra,,,,,,,,,,,,,,,,,
Maharashtra Circle,Pune Region,Pune Moffusil Division,Kasari B.O,412208,BO,Delivery,Pune,Maharashtra,,,,,,,,,,,,,,,,,
Maharashtra Circle,Pune Region,Pune Moffusil Division,Kasarsai B.O,410506,BO,Delivery,Pune,Maharashtra,,,,,,,,,,,,,,,,,
Maharashtra Circle,Pune Region,Pune Moffusil Division,Kashedi B.O,412107,BO,Delivery,Pune,Maharashtra,,,,,,,,,,,,,,,,,
Maharashtra Circle,Pune Region,Pune Moffusil Division,Kashing B.O,412108,BO,Delivery,Pune,Maharashtra,,,,,,,,,,,,,,,,,
Maharashtra Circle,Pune Region,Pune Moffusil Division,Kasurdi B.O,412214,BO,Delivery,Pune,Maharashtra,,,,,,,,,,,,,,,,,
Maharashtra Circle,Pune Region,Pune Moffusil Division,Katfal B.O,413133,BO,Delivery,Pune,Maharashtra,,,,,,,,,,,,,,,,,
Maharashtra Circle,Pune Region,Pune Moffusil Division,Kati B.O,413120,BO,Delivery,Pune,Maharashtra,,,,,,,,,,,,,,,,,
Maharashtra Circle,Pune Region,Pune Moffusil Division,Katyachiwadi B.O,413104,BO,Delivery,Pune,Maharashtra,,,,,,,,,,,,,,,,,
Maharashtra Circle,Pune Region,Pune Moffusil Division,Kawtha B.O,412218,BO,Delivery,Pune,Maharashtra,,,,,,,,,,,,,,,,,
Maharashtra Circle,Pune Region,Pune Moffusil Division,Kazad B.O,413104,BO,Delivery,Pune,Maharashtra,,,,,,,,,,,,,,,,,
Maharashtra Circle,Pune Region,Pune Moffusil Division,Kedgaon S.O (Pune),412203,SO,Delivery,Pune,Maharashtra,,,,,,,,,,,,,,,,,
Maharashtra Circle,Pune Region,Pune Moffusil Division,Kelawade B.O,412213,BO,Delivery,Pune,Maharashtra,,,,,,,,,,,,,,,,,
Maharashtra Circle,Pune Region,Pune Moffusil Division,Kendur B.O,412403,BO,Delivery,Pune,Maharashtra,,,,,,,,,,,,,,,,,
Maharashtra Circle,Pune Region,Pune Moffusil Division,Kenjal B.O,412205,BO,Delivery,Pune,Maharashtra,,,,,,,,,,,,,,,,,
Maharashtra Circle,Pune Region,Pune Moffusil Division,Kesnand B.O,412207,BO,Delivery,Pune,Maharashtra,,,,,,,,,,,,,,,,,
Maharashtra Circle,Pune Region,Pune Moffusil Division,Ketkavale B.O,412205,BO,Delivery,Pune,Maharashtra,,,,,,,,,,,,,,,,,
Maharashtra Circle,Pune Region,Pune Moffusil Division,Khadaki B.O,413130,BO,Delivery,Pune,Maharashtra,,,,,,,,,,,,,,,,,
Maharashtra Circle,Pune Region,Pune Moffusil Division,Khadkumbe(Exptl) B.O,410502,BO,Delivery,Pune,Maharashtra,,,,,,,,,,,,,,,,,
Maharashtra Circle,Pune Region,Pune Moffusil Division,Khalad B.O,412301,BO,Delivery,Pune,Maharashtra,,,,,,,,,,,,,,,,,
Maharashtra Circle,Pune Region,Pune Moffusil Division,Khalumbre B.O,410501,BO,Delivery,Pune,Maharashtra,,,,,,,,,,,,,,,,,
Maharashtra Circle,Pune Region,Pune Moffusil Division,Khamboli B.O,412115,BO,Delivery,Pune,Maharashtra,,,,,,,,,,,,,,,,,
Maharashtra Circle,Pune Region,Pune Moffusil Division,Khamgaon B.O,410502,BO,Delivery,Pune,Maharashtra,,,,,,,,,,,,,,,,,
Maharashtra Circle,Pune Region,Pune Moffusil Division,Khamgaon BK B.O,412214,BO,Delivery,Pune,Maharashtra,,,,,,,,,,,,,,,,,
Maharashtra Circle,Pune Region,Pune Moffusil Division,Khamundi B.O,410504,BO,Delivery,Pune,Maharashtra,,,,,,,,,,,,,,,,,
Maharashtra Circle,Pune Region,Pune Moffusil Division,Khanapur B.O,412206,BO,Delivery,Pune,Maharashtra,,,,,,,,,,,,,,,,,
Maharashtra Circle,Pune Region,Pune Moffusil Division,Khanapur B.O,410502,BO,Delivery,Pune,Maharashtra,,,,,,,,,,,,,,,,,
Maharashtra Circle,Pune Region,Pune Moffusil Division,Khanapur Haveli B.O,411025,BO,Delivery,Pune,Maharashtra,,,,,,,,,,,,,,,,,
Maharashtra Circle,Pune Region,Pune Moffusil Division,Khandaj B.O,413116,BO,Delivery,Pune,Maharashtra,,,,,,,,,,,,,,,,,
Maharashtra Circle,Pune Region,Pune Moffusil Division,Khandala S.O,410301,SO,Delivery,Pune,Maharashtra,,,,,,,,,,,,,,,,,
Maharashtra Circle,Pune Region,Pune Moffusil Division,Khandi B.O,412106,BO,Delivery,Pune,Maharashtra,,,,,,,,,,,,,,,,,
Maharashtra Circle,Pune Region,Pune Moffusil Division,Khandobachi Wadi B.O,412102,BO,Delivery,Pune,Maharashtra,,,,,,,,,,,,,,,,,
Maharashtra Circle,Pune Region,Pune Moffusil Division,Khangaon B.O,410502,BO,Delivery,Pune,Maharashtra,,,,,,,,,,,,,,,,,
Maharashtra Circle,Pune Region,Pune Moffusil Division,Khanote B.O,413105,BO,Delivery,Pune,Maharashtra,,,,,,,,,,,,,,,,,
Maharashtra Circle,Pune Region,Pune Moffusil Division,Kharoshi B.O,412402,BO,Delivery,Pune,Maharashtra,,,,,,,,,,,,,,,,,
Maharashtra Circle,Pune Region,Pune Moffusil Division,Khechare B.O,412108,BO,Delivery,Pune,Maharashtra,,,,,,,,,,,,,,,,,
Maharashtra Circle,Pune Region,Pune Moffusil Division,Khed Shivapur B.O,412205,BO,Non Delivery,Pune,Maharashtra,,,,,,,,,,,,,,,,,
Maharashtra Circle,Pune Region,Pune Moffusil Division,Khed Shivapur Baug S.O,412205,SO,Delivery,Pune,Maharashtra,,,,,,,,,,,,,,,,,
Maharashtra Circle,Pune Region,Pune Moffusil Division,Khodad B.O,410504,BO,Delivery,Pune,Maharashtra,,,,,,,,,,,,,,,,,
Maharashtra Circle,Pune Region,Pune Moffusil Division,Khopodi B.O,412203,BO,Delivery,Pune,Maharashtra,,,,,,,,,,,,,,,,,
Maharashtra Circle,Pune Region,Pune Moffusil Division,Khor B.O,412203,BO,Delivery,Pune,Maharashtra,,,,,,,,,,,,,,,,,
Maharashtra Circle,Pune Region,Pune Moffusil Division,Khorochi B.O,413114,BO,Delivery,Pune,Maharashtra,,,,,,,,,,,,,,,,,
Maharashtra Circle,Pune Region,Pune Moffusil Division,Khubi B.O,412409,BO,Delivery,Pune,Maharashtra,,,,,,,,,,,,,,,,,
Maharashtra Circle,Pune Region,Pune Moffusil Division,Khutbhav B.O,412203,BO,Delivery,Pune,Maharashtra,,,,,,,,,,,,,,,,,
Maharashtra Circle,Pune Region,Pune Moffusil Division,Kikvi B.O,412205,BO,Delivery,Pune,Maharashtra,,,,,,,,,,,,,,,,,
Maharashtra Circle,Pune Region,Pune Moffusil Division,Kiwale B.O,410505,BO,Delivery,Pune,Maharashtra,,,,,,,,,,,,,,,,,
Maharashtra Circle,Pune Region,Pune Moffusil Division,Kiwale B.O,412101,BO,Delivery,Pune,Maharashtra,,,,,,,,,,,,,,,,,
Maharashtra Circle,Pune Region,Pune Moffusil Division,Kodapur B.O,412212,BO,Delivery,Pune,Maharashtra,,,,,,,,,,,,,,,,,
Maharashtra Circle,Pune Region,Pune Moffusil Division,Kodit B.O,412301,BO,Delivery,Pune,Maharashtra,,,,,,,,,,,,,,,,,
Maharashtra Circle,Pune Region,Pune Moffusil Division,Kohinde BK B.O,412404,BO,Delivery,Pune,Maharashtra,,,,,,,,,,,,,,,,,
Maharashtra Circle,Pune Region,Pune Moffusil Division,Kolawade B.O,412115,BO,Delivery,Pune,Maharashtra,,,,,,,,,,,,,,,,,
Maharashtra Circle,Pune Region,Pune Moffusil Division,Kolvadi B.O,412412,BO,Delivery,Pune,Maharashtra,,,,,,,,,,,,,,,,,
Maharashtra Circle,Pune Region,Pune Moffusil Division,Kolvihire B.O,412303,BO,Delivery,Pune,Maharashtra,,,,,,,,,,,,,,,,,
Maharashtra Circle,Pune Region,Pune Moffusil Division,Kolwadi B.O,412213,BO,Delivery,Pune,Maharashtra,,,,,,,,,,,,,,,,,
Maharashtra Circle,Pune Region,Pune Moffusil Division,Kolwadi B.O,412110,BO,Delivery,Pune,Maharashtra,,,,,,,,,,,,,,,,,
Maharashtra Circle,Pune Region,Pune Moffusil Division,Kolwan B.O,412108,BO,Delivery,Pune,Maharashtra,,,,,,,,,,,,,,,,,
Maharashtra Circle,Pune Region,Pune Moffusil Division,Kondhanpur B.O,412205,BO,Delivery,Pune,Maharashtra,,,,,,,,,,,,,,,,,
Maharashtra Circle,Pune Region,Pune Moffusil Division,Kondhapuri B.O,412209,BO,Delivery,Pune,Maharashtra,,,,,,,,,,,,,,,,,
Maharashtra Circle,Pune Region,Pune Moffusil Division,Kondhawale B.O,412108,BO,Delivery,Pune,Maharashtra,,,,,,,,,,,,,,,,,
Maharashtra Circle,Pune Region,Pune Moffusil Division,Kondhwal B.O,410509,BO,Delivery,Pune,Maharashtra,,,,,,,,,,,,,,,,,
Maharashtra Circle,Pune Region,Pune Moffusil Division,Koregaon Bhima S.O,412216,SO,Delivery,Pune,Maharashtra,,,,,,,,,,,,,,,,,
Maharashtra Circle,Pune Region,Pune Moffusil Division,Koregaon Bhivar B.O,412207,BO,Delivery,Pune,Maharashtra,,,,,,,,,,,,,,,,,
Maharashtra Circle,Pune Region,Pune Moffusil Division,Koregaon Mul B.O,412202,BO,Delivery,Pune,Maharashtra,,,,,,,,,,,,,,,,,
Maharashtra Circle,Pune Region,Pune Moffusil Division,Korhale BK B.O,412103,BO,Delivery,Pune,Maharashtra,,,,,,,,,,,,,,,,,
Maharashtra Circle,Pune Region,Pune Moffusil Division,Korhale KH B.O,412103,BO,Delivery,Pune,Maharashtra,,,,,,,,,,,,,,,,,
Maharashtra Circle,Pune Region,Pune Moffusil Division,Kothale B.O,412303,BO,Delivery,Pune,Maharashtra,,,,,,,,,,,,,,,,,
Maharashtra Circle,Pune Region,Pune Moffusil Division,Koyali B.O,410501,BO,Delivery,Pune,Maharashtra,,,,,,,,,,,,,,,,,
Maharashtra Circle,Pune Region,Pune Moffusil Division,Kude BK B.O,410505,BO,Delivery,Pune,Maharashtra,,,,,,,,,,,,,,,,,
Maharashtra Circle,Pune Region,Pune Moffusil Division,Kule B.O,412108,BO,Delivery,Pune,Maharashtra,,,,,,,,,,,,,,,,,
Maharashtra Circle,Pune Region,Pune Moffusil Division,Kunjirwadi B.O,412201,BO,Delivery,Pune,Maharashtra,,,,,,,,,,,,,,,,,
Maharashtra Circle,Pune Region,Pune Moffusil Division,Kuran B.O,410511,BO,Delivery,Pune,Maharashtra,,,,,,,,,,,,,,,,,
Maharashtra Circle,Pune Region,Pune Moffusil Division,Kuran BK B.O,412107,BO,Delivery,Pune,Maharashtra,,,,,,,,,,,,,,,,,
Maharashtra Circle,Pune Region,Pune Moffusil Division,Kuravali B.O,413104,BO,Delivery,Pune,Maharashtra,,,,,,,,,,,,,,,,,
Maharashtra Circle,Pune Region,Pune Moffusil Division,Kurkumbh B.O,413802,BO,Delivery,Pune,Maharashtra,,,,,,,,,,,,,,,,,
Maharashtra Circle,Pune Region,Pune Moffusil Division,Kurkundi B.O,410505,BO,Delivery,Pune,Maharashtra,,,,,,,,,,,,,,,,,
Maharashtra Circle,Pune Region,Pune Moffusil Division,Kuruli B.O,410501,BO,Delivery,Pune,Maharashtra,,,,,,,,,,,,,,,,,
Maharashtra Circle,Pune Region,Pune Moffusil Division,Kurungwadi B.O,412213,BO,Delivery,Pune,Maharashtra,,,,,,,,,,,,,,,,,
Maharashtra Circle,Pune Region,Pune Moffusil Division,Kurwande B.O,410402,BO,Delivery,Pune,Maharashtra,,,,,,,,,,,,,,,,,
Maharashtra Circle,Pune Region,Pune Moffusil Division,Kurwandi B.O,410512,BO,Delivery,Pune,Maharashtra,,,,,,,,,,,,,,,,,
Maharashtra Circle,Pune Region,Pune Moffusil Division,Kusgaon B.O,412219,BO,Delivery,Pune,Maharashtra,,,,,,,,,,,,,,,,,
Maharashtra Circle,Pune Region,Pune Moffusil Division,Kusgaon B.O,412205,BO,Delivery,Pune,Maharashtra,,,,,,,,,,,,,,,,,
Maharashtra Circle,Pune Region,Pune Moffusil Division,Kusgaon BK B.O,410401,BO,Delivery,Pune,Maharashtra,,,,,,,,,,,,,,,,,
Maharashtra Circle,Pune Region,Pune Moffusil Division,Kushire BK B.O,410509,BO,Delivery,Pune,Maharashtra,,,,,,,,,,,,,,,,,
Maharashtra Circle,Pune Region,Pune Moffusil Division,Kusur B.O,410502,BO,Delivery,Pune,Maharashtra,,,,,,,,,,,,,,,,,
Maharashtra Circle,Pune Region,Pune Moffusil Division,Lakhangaon B.O,412406,BO,Delivery,Pune,Maharashtra,,,,,,,,,,,,,,,,,
Maharashtra Circle,Pune Region,Pune Moffusil Division,Lakhewadi B.O,413103,BO,Delivery,Pune,Maharashtra,,,,,,,,,,,,,,,,,
Maharashtra Circle,Pune Region,Pune Moffusil Division,Landewadi B.O,410503,BO,Delivery,Pune,Maharashtra,,,,,,,,,,,,,,,,,
Maharashtra Circle,Pune Region,Pune Moffusil Division,Lasurna B.O,413114,BO,Delivery,Pune,Maharashtra,,,,,,,,,,,,,,,,,
Maharashtra Circle,Pune Region,Pune Moffusil Division,Late B.O,412103,BO,Delivery,Pune,Maharashtra,,,,,,,,,,,,,,,,,
Maharashtra Circle,Pune Region,Pune Moffusil Division,Lawale B.O,412115,BO,Delivery,Pune,Maharashtra,,,,,,,,,,,,,,,,,
Maharashtra Circle,Pune Region,Pune Moffusil Division,Lonavala Bazar S.O,410401,SO,Non Delivery,Pune,Maharashtra,,,,,,,,,,,,,,,,,
Maharashtra Circle,Pune Region,Pune Moffusil Division,Lonavala S.O,410401,SO,Delivery,Pune,Maharashtra,,,,,,,,,,,,,,,,,
Maharashtra Circle,Pune Region,Pune Moffusil Division,Loni Bhapkar B.O,413110,BO,Delivery,Pune,Maharashtra,,,,,,,,,,,,,,,,,
Maharashtra Circle,Pune Region,Pune Moffusil Division,Loni Deokar B.O,413132,BO,Delivery,Pune,Maharashtra,,,,,,,,,,,,,,,,,
Maharashtra Circle,Pune Region,Pune Moffusil Division,Loni Dhamani S.O,410510,SO,Delivery,Pune,Maharashtra,,,,,,,,,,,,,,,,,
Maharashtra Circle,Pune Region,Pune Moffusil Division,Loni Kalbhor S.O,412201,SO,Delivery,Pune,Maharashtra,,,,,,,,,,,,,,,,,
Maharashtra Circle,Pune Region,Pune Moffusil Division,Lonikand B.O,412216,BO,Delivery,Pune,Maharashtra,,,,,,,,,,,,,,,,,
Maharashtra Circle,Pune Region,Pune Moffusil Division,Madanwadi B.O,413130,BO,Delivery,Pune,Maharashtra,,,,,,,,,,,,,,,,,
Maharashtra Circle,Pune Region,Pune Moffusil Division,Madh B.O,412409,BO,Delivery,Pune,Maharashtra,,,,,,,,,,,,,,,,,
Maharashtra Circle,Pune Region,Pune Moffusil Division,Madhukarnagar Patas S.O,412219,SO,Delivery,Pune,Maharashtra,,,,,,,,,,,,,,,,,
Maharashtra Circle,Pune Region,Pune Moffusil Division,Mahalunge Ingale B.O,410501,BO,Delivery,Pune,Maharashtra,,,,,,,,,,,,,,,,,
Maharashtra Circle,Pune Region,Pune Moffusil Division,Mahalunge Padwal B.O,410515,BO,Delivery,Pune,Maharashtra,,,,,,,,,,,,,,,,,
Maharashtra Circle,Pune Region,Pune Moffusil Division,Mahude BK B.O,412206,BO,Delivery,Pune,Maharashtra,,,,,,,,,,,,,,,,,
Maharashtra Circle,Pune Region,Pune Moffusil Division,Mahur B.O,412311,BO,Delivery,Pune,Maharashtra,,,,,,,,,,,,,,,,,
Maharashtra Circle,Pune Region,Pune Moffusil Division,Malad B.O,413130,BO,Delivery,Pune,Maharashtra,,,,,,,,,,,,,,,,,
Maharashtra Circle,Pune Region,Pune Moffusil Division,Malad B.O,413102,BO,Delivery,Pune,Maharashtra,,,,,,,,,,,,,,,,,
Maharashtra Circle,Pune Region,Pune Moffusil Division,Malawali B.O,410405,BO,Delivery,Pune,Maharashtra,,,,,,,,,,,,,,,,,
Maharashtra Circle,Pune Region,Pune Moffusil Division,Male B.O,412206,BO,Delivery,Pune,Maharashtra,,,,,,,,,,,,,,,,,
Maharashtra Circle,Pune Region,Pune Moffusil Division,Male B.O,412108,BO,Delivery,Pune,Maharashtra,,,,,,,,,,,,,,,,,
Maharashtra Circle,Pune Region,Pune Moffusil Division,Malegaon BK S.O,413115,SO,Delivery,Pune,Maharashtra,,,,,,,,,,,,,,,,,
Maharashtra Circle,Pune Region,Pune Moffusil Division,Malegaon IRR Colony B.O,413115,BO,Delivery,Pune,Maharashtra,,,,,,,,,,,,,,,,,
Maharashtra Circle,Pune Region,Pune Moffusil Division,Malewadi B.O,412206,BO,Delivery,Pune,Maharashtra,,,,,,,,,,,,,,,,,
Maharashtra Circle,Pune Region,Pune Moffusil Division,Malshiras B.O,412104,BO,Delivery,Pune,Maharashtra,,,,,,,,,,,,,,,,,
Maharashtra Circle,Pune Region,Pune Moffusil Division,Malthan B.O,413801,BO,Delivery,Pune,Maharashtra,,,,,,,,,,,,,,,,,
Maharashtra Circle,Pune Region,Pune Moffusil Division,Malthan S.O,412218,SO,Delivery,Pune,Maharashtra,,,,,,,,,,,,,,,,,
Maharashtra Circle,Pune Region,Pune Moffusil Division,Manappawasti B.O,413110,BO,Delivery,Pune,Maharashtra,,,,,,,,,,,,,,,,,
Maharashtra Circle,Pune Region,Pune Moffusil Division,Manchar S.O,410503,SO,Delivery,Pune,Maharashtra,,,,,,,,,,,,,,,,,
Maharashtra Circle,Pune Region,Pune Moffusil Division,Mandave B.O,412409,BO,Delivery,Pune,Maharashtra,,,,,,,,,,,,,,,,,
Maharashtra Circle,Pune Region,Pune Moffusil Division,Mandavgan Farata B.O,412211,BO,Delivery,Pune,Maharashtra,,,,,,,,,,,,,,,,,
Maharashtra Circle,Pune Region,Pune Moffusil Division,Mandhar B.O,412311,BO,Delivery,Pune,Maharashtra,,,,,,,,,,,,,,,,,
Maharashtra Circle,Pune Region,Pune Moffusil Division,Mandki B.O,412305,BO,Delivery,Pune,Maharashtra,,,,,,,,,,,,,,,,,
Maharashtra Circle,Pune Region,Pune Moffusil Division,Mangaon B.O,412107,BO,Delivery,Pune,Maharashtra,,,,,,,,,,,,,,,,,
Maharashtra Circle,Pune Region,Pune Moffusil Division,Mangrul B.O,412410,BO,Delivery,Pune,Maharashtra,,,,,,,,,,,,,,,,,
Maharashtra Circle,Pune Region,Pune Moffusil Division,Manikdoh B.O,410502,BO,Delivery,Pune,Maharashtra,,,,,,,,,,,,,,,,,
Maharashtra Circle,Pune Region,Pune Moffusil Division,Manjal Asani B.O,412213,BO,Delivery,Pune,Maharashtra,,,,,,,,,,,,,,,,,
Maharashtra Circle,Pune Region,Pune Moffusil Division,Manjari BK B.O,412307,BO,Delivery,Pune,Maharashtra,,,,,,,,,,,,,,,,,
Maharashtra Circle,Pune Region,Pune Moffusil Division,Manjari Farm S.O,412307,SO,Delivery,Pune,Maharashtra,,,,,,,,,,,,,,,,,
Maharashtra Circle,Pune Region,Pune Moffusil Division,Margasni B.O,412213,BO,Delivery,Pune,Maharashtra,,,,,,,,,,,,,,,,,
Maharashtra Circle,Pune Region,Pune Moffusil Division,Markal B.O,412105,BO,Delivery,Pune,Maharashtra,,,,,,,,,,,,,,,,,
Maharashtra Circle,Pune Region,Pune Moffusil Division,Mavdi Kade Pathar B.O,412303,BO,Delivery,Pune,Maharashtra,,,,,,,,,,,,,,,,,
Maharashtra Circle,Pune Region,Pune Moffusil Division,Medad B.O,413102,BO,Delivery,Pune,Maharashtra,,,,,,,,,,,,,,,,,
Maharashtra Circle,Pune Region,Pune Moffusil Division,Mekhali B.O,413102,BO,Delivery,Pune,Maharashtra,,,,,,,,,,,,,,,,,
Maharashtra Circle,Pune Region,Pune Moffusil Division,Midc Kurkumbh S.O,413802,SO,Delivery,Pune,Maharashtra,,,,,,,,,,,,,,,,,
Maharashtra Circle,Pune Region,Pune Moffusil Division,Midc Ranjangaon Ganpati S.O,412220,SO,Delivery,Pune,Maharashtra,,,,,,,,,,,,,,,,,
Maharashtra Circle,Pune Region,Pune Moffusil Division,Morgaon S.O,412304,SO,Delivery,Pune,Maharashtra,,,,,,,,,,,,,,,,,
Maharashtra Circle,Pune Region,Pune Moffusil Division,Mose KH B.O,412107,BO,Delivery,Pune,Maharashtra,,,,,,,,,,,,,,,,,
Maharashtra Circle,Pune Region,Pune Moffusil Division,Moshi B.O,412105,BO,Delivery,Pune,Maharashtra,,,,,,,,,,,,,,,,,
Maharashtra Circle,Pune Region,Pune Moffusil Division,Mudhale B.O,413110,BO,Delivery,Pune,Maharashtra,,,,,,,,,,,,,,,,,
Maharashtra Circle,Pune Region,Pune Moffusil Division,Mukhai B.O,412208,BO,Delivery,Pune,Maharashtra,,,,,,,,,,,,,,,,,
Maharashtra Circle,Pune Region,Pune Moffusil Division,Murti Modhave B.O,412304,BO,Delivery,Pune,Maharashtra,,,,,,,,,,,,,,,,,
Maharashtra Circle,Pune Region,Pune Moffusil Division,Murum B.O,412306,BO,Delivery,Pune,Maharashtra,,,,,,,,,,,,,,,,,
Maharashtra Circle,Pune Region,Pune Moffusil Division,Muthe B.O,412115,BO,Delivery,Pune,Maharashtra,,,,,,,,,,,,,,,,,
Maharashtra Circle,Pune Region,Pune Moffusil Division,Naiphad B.O,412402,BO,Delivery,Pune,Maharashtra,,,,,,,,,,,,,,,,,
Maharashtra Circle,Pune Region,Pune Moffusil Division,Nalavane B.O,412410,BO,Delivery,Pune,Maharashtra,,,,,,,,,,,,,,,,,
Maharashtra Circle,Pune Region,Pune Moffusil Division,Nandgaon B.O,412108,BO,Delivery,Pune,Maharashtra,,,,,,,,,,,,,,,,,
Maharashtra Circle,Pune Region,Pune Moffusil Division,Nane B.O,410405,BO,Delivery,Pune,Maharashtra,,,,,,,,,,,,,,,,,
Maharashtra Circle,Pune Region,Pune Moffusil Division,Nangaon B.O,412203,BO,Delivery,Pune,Maharashtra,,,,,,,,,,,,,,,,,
Maharashtra Circle,Pune Region,Pune Moffusil Division,Nanvij B.O,413801,BO,Delivery,Pune,Maharashtra,,,,,,,,,,,,,,,,,
Maharashtra Circle,Pune Region,Pune Moffusil Division,Narayangaon S.O,410504,SO,Delivery,Pune,Maharashtra,,,,,,,,,,,,,,,,,
Maharashtra Circle,Pune Region,Pune Moffusil Division,Narodi B.O,410503,BO,Delivery,Pune,Maharashtra,,,,,,,,,,,,,,,,,
Maharashtra Circle,Pune Region,Pune Moffusil Division,Nasrapur S.O,412213,SO,Delivery,Pune,Maharashtra,,,,,,,,,,,,,,,,,
Maharashtra Circle,Pune Region,Pune Moffusil Division,Natambi B.O,412206,BO,Delivery,Pune,Maharashtra,,,,,,,,,,,,,,,,,
Maharashtra Circle,Pune Region,Pune Moffusil Division,Nathachi Wadi B.O,412214,BO,Delivery,Pune,Maharashtra,,,,,,,,,,,,,,,,,
Maharashtra Circle,Pune Region,Pune Moffusil Division,Naygaon B.O,412104,BO,Delivery,Pune,Maharashtra,,,,,,,,,,,,,,,,,
Maharashtra Circle,Pune Region,Pune Moffusil Division,Naygaon B.O,412110,BO,Delivery,Pune,Maharashtra,,,,,,,,,,,,,,,,,
Maharashtra Circle,Pune Region,Pune Moffusil Division,Nazare B.O,412206,BO,Delivery,Pune,Maharashtra,,,,,,,,,,,,,,,,,
Maharashtra Circle,Pune Region,Pune Moffusil Division,Nazare Kade Pathar B.O,412303,BO,Delivery,Pune,Maharashtra,,,,,,,,,,,,,,,,,
Maharashtra Circle,Pune Region,Pune Moffusil Division,Nere B.O,412206,BO,Delivery,Pune,Maharashtra,,,,,,,,,,,,,,,,,
Maharashtra Circle,Pune Region,Pune Moffusil Division,Netwad B.O,412409,BO,Delivery,Pune,Maharashtra,,,,,,,,,,,,,,,,,
Maharashtra Circle,Pune Region,Pune Moffusil Division,Nhavare S.O,412211,SO,Delivery,Pune,Maharashtra,,,,,,,,,,,,,,,,,
Maharashtra Circle,Pune Region,Pune Moffusil Division,Nhavi B.O,412205,BO,Delivery,Pune,Maharashtra,,,,,,,,,,,,,,,,,
Maharashtra Circle,Pune Region,Pune Moffusil Division,Nhavi B.O,413132,BO,Delivery,Pune,Maharashtra,,,,,,,,,,,,,,,,,
Maharashtra Circle,Pune Region,Pune Moffusil Division,Nighoje B.O,410501,BO,Delivery,Pune,Maharashtra,,,,,,,,,,,,,,,,,
Maharashtra Circle,Pune Region,Pune Moffusil Division,Nimbut B.O,412102,BO,Non Delivery,Pune,Maharashtra,,,,,,,,,,,,,,,,,
Maharashtra Circle,Pune Region,Pune Moffusil Division,Nimgaon Bhogi B.O,412220,BO,Delivery,Pune,Maharashtra,,,,,,,,,,,,,,,,,
Maharashtra Circle,Pune Region,Pune Moffusil Division,Nimgaon Ketki S.O,413120,SO,Delivery,Pune,Maharashtra,,,,,,,,,,,,,,,,,
Maharashtra Circle,Pune Region,Pune Moffusil Division,Nimgaon Khed B.O,410505,BO,Delivery,Pune,Maharashtra,,,,,,,,,,,,,,,,,
Maharashtra Circle,Pune Region,Pune Moffusil Division,Nimgaon Mahalungi B.O,412209,BO,Delivery,Pune,Maharashtra,,,,,,,,,,,,,,,,,
Maharashtra Circle,Pune Region,Pune Moffusil Division,Nimgaon Sava B.O,410504,BO,Delivery,Pune,Maharashtra,,,,,,,,,,,,,,,,,
Maharashtra Circle,Pune Region,Pune Moffusil Division,Nimgiri B.O,410502,BO,Delivery,Pune,Maharashtra,,,,,,,,,,,,,,,,,
Maharashtra Circle,Pune Region,Pune Moffusil Division,Nimone B.O,412210,BO,Delivery,Pune,Maharashtra,,,,,,,,,,,,,,,,,
Maharashtra Circle,Pune Region,Pune Moffusil Division,Nimsakhar B.O,413114,BO,Delivery,Pune,Maharashtra,,,,,,,,,,,,,,,,,
Maharashtra Circle,Pune Region,Pune Moffusil Division,Nira R S S.O,412102,SO,Delivery,Pune,Maharashtra,,,,,,,,,,,,,,,,,
Maharashtra Circle,Pune Region,Pune Moffusil Division,Nirawaghaj B.O,413102,BO,Delivery,Pune,Maharashtra,,,,,,,,,,,,,,,,,
Maharashtra Circle,Pune Region,Pune Moffusil Division,Nirgude B.O,410502,BO,Delivery,Pune,Maharashtra,,,,,,,,,,,,,,,,,
Maharashtra Circle,Pune Region,Pune Moffusil Division,Nirgude B.O,413130,BO,Delivery,Pune,Maharashtra,,,,,,,,,,,,,,,,,
Maharashtra Circle,Pune Region,Pune Moffusil Division,Nirgudsar B.O,412406,BO,Delivery,Pune,Maharashtra,,,,,,,,,,,,,,,,,
Maharashtra Circle,Pune Region,Pune Moffusil Division,Nirvi B.O,412210,BO,Delivery,Pune,Maharashtra,,,,,,,,,,,,,,,,,
Maharashtra Circle,Pune Region,Pune Moffusil Division,Nirwangi B.O,413114,BO,Delivery,Pune,Maharashtra,,,,,,,,,,,,,,,,,
Maharashtra Circle,Pune Region,Pune Moffusil Division,Ordanance Dep Talegaon Dabhade S.O,410506,SO,Non Delivery,Pune,Maharashtra,,,,,,,,,,,,,,,,,
Maharashtra Circle,Pune Region,Pune Moffusil Division,Ordnance Factory Dehu Road S.O,412101,SO,Non Delivery,Pune,Maharashtra,,,,,,,,,,,,,,,,,
Maharashtra Circle,Pune Region,Pune Moffusil Division,Osade B.O,411025,BO,Delivery,Pune,Maharashtra,,,,,,,,,,,,,,,,,
Maharashtra Circle,Pune Region,Pune Moffusil Division,Otur S.O,412409,SO,Delivery,Pune,Maharashtra,,,,,,,,,,,,,,,,,
Maharashtra Circle,Pune Region,Pune Moffusil Division,Ozar B.O,410504,BO,Delivery,Pune,Maharashtra,,,,,,,,,,,,,,,,,
Maharashtra Circle,Pune Region,Pune Moffusil Division,Pabal S.O,412403,SO,Delivery,Pune,Maharashtra,,,,,,,,,,,,,,,,,
Maharashtra Circle,Pune Region,Pune Moffusil Division,Pabe B.O,412212,BO,Delivery,Pune,Maharashtra,,,,,,,,,,,,,,,,,
Maharashtra Circle,Pune Region,Pune Moffusil Division,Padvi B.O,412203,BO,Delivery,Pune,Maharashtra,,,,,,,,,,,,,,,,,
Maharashtra Circle,Pune Region,Pune Moffusil Division,Pait B.O,410505,BO,Delivery,Pune,Maharashtra,,,,,,,,,,,,,,,,,
Maharashtra Circle,Pune Region,Pune Moffusil Division,Palasdeo S.O,413132,SO,Delivery,Pune,Maharashtra,,,,,,,,,,,,,,,,,
Maharashtra Circle,Pune Region,Pune Moffusil Division,Palu B.O,410505,BO,Delivery,Pune,Maharashtra,,,,,,,,,,,,,,,,,
Maharashtra Circle,Pune Region,Pune Moffusil Division,Panawadi B.O,412301,BO,Delivery,Pune,Maharashtra,,,,,,,,,,,,,,,,,
Maharashtra Circle,Pune Region,Pune Moffusil Division,Pandare S.O,413110,SO,Delivery,Pune,Maharashtra,,,,,,,,,,,,,,,,,
Maharashtra Circle,Pune Region,Pune Moffusil Division,Pandheshwar B.O,412303,BO,Delivery,Pune,Maharashtra,,,,,,,,,,,,,,,,,
Maharashtra Circle,Pune Region,Pune Moffusil Division,Pangare B.O,412301,BO,Delivery,Pune,Maharashtra,,,,,,,,,,,,,,,,,
Maharashtra Circle,Pune Region,Pune Moffusil Division,Pangari B.O,412206,BO,Delivery,Pune,Maharashtra,,,,,,,,,,,,,,,,,
Maharashtra Circle,Pune Region,Pune Moffusil Division,Panshet S.O,412107,SO,Delivery,Pune,Maharashtra,,,,,,,,,,,,,,,,,
Maharashtra Circle,Pune Region,Pune Moffusil Division,Pargaon B.O,412203,BO,Delivery,Pune,Maharashtra,,,,,,,,,,,,,,,,,
Maharashtra Circle,Pune Region,Pune Moffusil Division,Pargaon Memane B.O,412104,BO,Delivery,Pune,Maharashtra,,,,,,,,,,,,,,,,,
Maharashtra Circle,Pune Region,Pune Moffusil Division,Pargaon Tarfe Ala B.O,410504,BO,Delivery,Pune,Maharashtra,,,,,,,,,,,,,,,,,
Maharashtra Circle,Pune Region,Pune Moffusil Division,Pargaon Tarfe Avasari B.O,412406,BO,Delivery,Pune,Maharashtra,,,,,,,,,,,,,,,,,
Maharashtra Circle,Pune Region,Pune Moffusil Division,Pargaon Tarfe Khed B.O,410512,BO,Delivery,Pune,Maharashtra,,,,,,,,,,,,,,,,,
Maharashtra Circle,Pune Region,Pune Moffusil Division,Pargaon Tarfe Madh B.O,412409,BO,Delivery,Pune,Maharashtra,,,,,,,,,,,,,,,,,
Maharashtra Circle,Pune Region,Pune Moffusil Division,Parinche S.O,412311,SO,Delivery,Pune,Maharashtra,,,,,,,,,,,,,,,,,
Maharashtra Circle,Pune Region,Pune Moffusil Division,Parunde B.O,410502,BO,Delivery,Pune,Maharashtra,,,,,,,,,,,,,,,,,
Maharashtra Circle,Pune Region,Pune Moffusil Division,Parwadi B.O,413130,BO,Delivery,Pune,Maharashtra,,,,,,,,,,,,,,,,,
Maharashtra Circle,Pune Region,Pune Moffusil Division,Pasure B.O,412206,BO,Delivery,Pune,Maharashtra,,,,,,,,,,,,,,,,,
Maharashtra Circle,Pune Region,Pune Moffusil Division,Patas B.O,412219,BO,Non Delivery,Pune,Maharashtra,,,,,,,,,,,,,,,,,
Maharashtra Circle,Pune Region,Pune Moffusil Division,Paud S.O,412108,SO,Delivery,Pune,Maharashtra,,,,,,,,,,,,,,,,,
Maharashtra Circle,Pune Region,Pune Moffusil Division,Pawananagar S.O,410406,SO,Delivery,Pune,Maharashtra,,,,,,,,,,,,,,,,,
Maharashtra Circle,Pune Region,Pune Moffusil Division,Perne B.O,412216,BO,Delivery,Pune,Maharashtra,,,,,,,,,,,,,,,,,
Maharashtra Circle,Pune Region,Pune Moffusil Division,Peth S.O (Pune),410512,SO,Delivery,Pune,Maharashtra,,,,,,,,,,,,,,,,,
Maharashtra Circle,Pune Region,Pune Moffusil Division,Phulawade B.O,410509,BO,Delivery,Pune,Maharashtra,,,,,,,,,,,,,,,,,
Maharashtra Circle,Pune Region,Pune Moffusil Division,Phursungi S.O,412308,SO,Delivery,Pune,Maharashtra,,,,,,,,,,,,,,,,,
Maharashtra Circle,Pune Region,Pune Moffusil Division,Pimpalgaon Joga B.O,412409,BO,Delivery,Pune,Maharashtra,,,,,,,,,,,,,,,,,
Maharashtra Circle,Pune Region,Pune Moffusil Division,Pimpalgaon Mahalunge B.O,410503,BO,Delivery,Pune,Maharashtra,,,,,,,,,,,,,,,,,
Maharashtra Circle,Pune Region,Pune Moffusil Division,Pimpalgaon Tarfa Narayangaon B.O,412401,BO,Delivery,Pune,Maharashtra,,,,,,,,,,,,,,,,,
Maharashtra Circle,Pune Region,Pune Moffusil Division,Pimpalgaon Tarfe Chakan B.O,410501,BO,Delivery,Pune,Maharashtra,,,,,,,,,,,,,,,,,
Maharashtra Circle,Pune Region,Pune Moffusil Division,Pimpalgaon Tarfe Ghoda B.O,412408,BO,Delivery,Pune,Maharashtra,,,,,,,,,,,,,,,,,
Maharashtra Circle,Pune Region,Pune Moffusil Division,Pimpali B.O,413102,BO,Delivery,Pune,Maharashtra,,,,,,,,,,,,,,,,,
Maharashtra Circle,Pune Region,Pune Moffusil Division,Pimpalwandi S.O (Pune),412412,SO,Delivery,Pune,Maharashtra,,,,,,,,,,,,,,,,,
Maharashtra Circle,Pune Region,Pune Moffusil Division,Pimparkhed B.O,410504,BO,Delivery,Pune,Maharashtra,,,,,,,,,,,,,,,,,
Maharashtra Circle,Pune Region,Pune Moffusil Division,Pimple B.O,412301,BO,Delivery,Pune,Maharashtra,,,,,,,,,,,,,,,,,
Maharashtra Circle,Pune Region,Pune Moffusil Division,Pimpri B.O,412303,BO,Delivery,Pune,Maharashtra,,,,,,,,,,,,,,,,,
Maharashtra Circle,Pune Region,Pune Moffusil Division,Pimpri BK B.O,410505,BO,Delivery,Pune,Maharashtra,,,,,,,,,,,,,,,,,
Maharashtra Circle,Pune Region,Pune Moffusil Division,Pimpri BK B.O,413103,BO,Delivery,Pune,Maharashtra,,,,,,,,,,,,,,,,,
Maharashtra Circle,Pune Region,Pune Moffusil Division,Pimpri Pendhar B.O,410504,BO,Delivery,Pune,Maharashtra,,,,,,,,,,,,,,,,,
Maharashtra Circle,Pune Region,Pune Moffusil Division,Pimpri Sandas B.O,412216,BO,Delivery,Pune,Maharashtra,,,,,,,,,,,,,,,,,
Maharashtra Circle,Pune Region,Pune Moffusil Division,Pingori B.O,412305,BO,Delivery,Pune,Maharashtra,,,,,,,,,,,,,,,,,
Maharashtra Circle,Pune Region,Pune Moffusil Division,Pirangut S.O,412115,SO,Delivery,Pune,Maharashtra,,,,,,,,,,,,,,,,,
Maharashtra Circle,Pune Region,Pune Moffusil Division,Pisarve B.O,412104,BO,Delivery,Pune,Maharashtra,,,,,,,,,,,,,,,,,
Maharashtra Circle,Pune Region,Pune Moffusil Division,Pisavare B.O,412206,BO,Delivery,Pune,Maharashtra,,,,,,,,,,,,,,,,,
Maharashtra Circle,Pune Region,Pune Moffusil Division,Pokhari B.O,410509,BO,Delivery,Pune,Maharashtra,,,,,,,,,,,,,,,,,
Maharashtra Circle,Pune Region,Pune Moffusil Division,Pomgaon B.O,412108,BO,Delivery,Pune,Maharashtra,,,,,,,,,,,,,,,,,
Maharashtra Circle,Pune Region,Pune Moffusil Division,R P T S Khandala S.O,410302,SO,Delivery,Pune,Maharashtra,,,,,,,,,,,,,,,,,
Maharashtra Circle,Pune Region,Pune Moffusil Division,Rahu B.O,412207,BO,Delivery,Pune,Maharashtra,,,,,,,,,,,,,,,,,
Maharashtra Circle,Pune Region,Pune Moffusil Division,Rahu Pimpalgaon B.O,412214,BO,Delivery,Pune,Maharashtra,,,,,,,,,,,,,,,,,
Maharashtra Circle,Pune Region,Pune Moffusil Division,Rajegaon B.O,413105,BO,Delivery,Pune,Maharashtra,,,,,,,,,,,,,,,,,
Maharashtra Circle,Pune Region,Pune Moffusil Division,Rajewadi S.O,412104,SO,Delivery,Pune,Maharashtra,,,,,,,,,,,,,,,,,
Maharashtra Circle,Pune Region,Pune Moffusil Division,Rajgurunagar S.O,410505,SO,Delivery,Pune,Maharashtra,,,,,,,,,,,,,,,,,
Maharashtra Circle,Pune Region,Pune Moffusil Division,Rajpur B.O,410509,BO,Delivery,Pune,Maharashtra,,,,,,,,,,,,,,,,,
Maharashtra Circle,Pune Region,Pune Moffusil Division,Rajur B.O,410502,BO,Delivery,Pune,Maharashtra,,,,,,,,,,,,,,,,,
Maharashtra Circle,Pune Region,Pune Moffusil Division,Rajuri B.O,412104,BO,Delivery,Pune,Maharashtra,,,,,,,,,,,,,,,,,
Maharashtra Circle,Pune Region,Pune Moffusil Division,Rajuri B.O,412411,BO,Delivery,Pune,Maharashtra,,,,,,,,,,,,,,,,,
Maharashtra Circle,Pune Region,Pune Moffusil Division,Rakh B.O,412305,BO,Delivery,Pune,Maharashtra,,,,,,,,,,,,,,,,,
Maharashtra Circle,Pune Region,Pune Moffusil Division,Rangaon B.O,413114,BO,Delivery,Pune,Maharashtra,,,,,,,,,,,,,,,,,
Maharashtra Circle,Pune Region,Pune Moffusil Division,Ranjane B.O,411025,BO,Delivery,Pune,Maharashtra,,,,,,,,,,,,,,,,,
Maharashtra Circle,Pune Region,Pune Moffusil Division,Ranjangaon Ganpati S.O,412209,SO,Delivery,Pune,Maharashtra,,,,,,,,,,,,,,,,,
Maharashtra Circle,Pune Region,Pune Moffusil Division,Ranjangaon Sandas B.O,412211,BO,Delivery,Pune,Maharashtra,,,,,,,,,,,,,,,,,
Maharashtra Circle,Pune Region,Pune Moffusil Division,Ranjani B.O,410504,BO,Delivery,Pune,Maharashtra,,,,,,,,,,,,,,,,,
Maharashtra Circle,Pune Region,Pune Moffusil Division,Ranmala B.O,412303,BO,Delivery,Pune,Maharashtra,,,,,,,,,,,,,,,,,
Maharashtra Circle,Pune Region,Pune Moffusil Division,Rase B.O,410501,BO,Delivery,Pune,Maharashtra,,,,,,,,,,,,,,,,,
Maharashtra Circle,Pune Region,Pune Moffusil Division,Ravangaon B.O,413130,BO,Delivery,Pune,Maharashtra,,,,,,,,,,,,,,,,,
Maharashtra Circle,Pune Region,Pune Moffusil Division,Ravet B.O,412101,BO,Delivery,Pune,Maharashtra,,,,,,,,,,,,,,,,,
Maharashtra Circle,Pune Region,Pune Moffusil Division,Rayari B.O,412206,BO,Delivery,Pune,Maharashtra,,,,,,,,,,,,,,,,,
Maharashtra Circle,Pune Region,Pune Moffusil Division,Redni B.O,413114,BO,Delivery,Pune,Maharashtra,,,,,,,,,,,,,,,,,
Maharashtra Circle,Pune Region,Pune Moffusil Division,Retwadi B.O,410505,BO,Delivery,Pune,Maharashtra,,,,,,,,,,,,,,,,,
Maharashtra Circle,Pune Region,Pune Moffusil Division,Rihe B.O,412115,BO,Delivery,Pune,Maharashtra,,,,,,,,,,,,,,,,,
Maharashtra Circle,Pune Region,Pune Moffusil Division,Rohokadi B.O,412409,BO,Delivery,Pune,Maharashtra,,,,,,,,,,,,,,,,,
Maharashtra Circle,Pune Region,Pune Moffusil Division,Roti B.O,412219,BO,Delivery,Pune,Maharashtra,,,,,,,,,,,,,,,,,
Maharashtra Circle,Pune Region,Pune Moffusil Division,Rule B.O,412107,BO,Delivery,Pune,Maharashtra,,,,,,,,,,,,,,,,,
Maharashtra Circle,Pune Region,Pune Moffusil Division,S R P F Daund S.O,413801,SO,Non Delivery,Pune,Maharashtra,,,,,,,,,,,,,,,,,
Maharashtra Circle,Pune Region,Pune Moffusil Division,Saburdi B.O,412404,BO,Delivery,Pune,Maharashtra,,,,,,,,,,,,,,,,,
Maharashtra Circle,Pune Region,Pune Moffusil Division,Sadalgaon B.O,412211,BO,Delivery,Pune,Maharashtra,,,,,,,,,,,,,,,,,
Maharashtra Circle,Pune Region,Pune Moffusil Division,Sadumbre B.O,412109,BO,Delivery,Pune,Maharashtra,,,,,,,,,,,,,,,,,
Maharashtra Circle,Pune Region,Pune Moffusil Division,Sahajpurwadi B.O,412202,BO,Delivery,Pune,Maharashtra,,,,,,,,,,,,,,,,,
Maharashtra Circle,Pune Region,Pune Moffusil Division,Sakhar B.O,412213,BO,Delivery,Pune,Maharashtra,,,,,,,,,,,,,,,,,
Maharashtra Circle,Pune Region,Pune Moffusil Division,Sakore B.O,410515,BO,Delivery,Pune,Maharashtra,,,,,,,,,,,,,,,,,
Maharashtra Circle,Pune Region,Pune Moffusil Division,Sakori Tarfe Belha B.O,412410,BO,Delivery,Pune,Maharashtra,,,,,,,,,,,,,,,,,
Maharashtra Circle,Pune Region,Pune Moffusil Division,Sakurde B.O,412303,BO,Delivery,Pune,Maharashtra,,,,,,,,,,,,,,,,,
Maharashtra Circle,Pune Region,Pune Moffusil Division,Sal B.O,412408,BO,Delivery,Pune,Maharashtra,,,,,,,,,,,,,,,,,
Maharashtra Circle,Pune Region,Pune Moffusil Division,Salumbre B.O,412101,BO,Delivery,Pune,Maharashtra,,,,,,,,,,,,,,,,,
Maharashtra Circle,Pune Region,Pune Moffusil Division,Sanaswadi B.O,412208,BO,Delivery,Pune,Maharashtra,,,,,,,,,,,,,,,,,
Maharashtra Circle,Pune Region,Pune Moffusil Division,Sandbhorwadi(Exptl) B.O,410505,BO,Delivery,Pune,Maharashtra,,,,,,,,,,,,,,,,,
Maharashtra Circle,Pune Region,Pune Moffusil Division,Sangamner B.O,412206,BO,Delivery,Pune,Maharashtra,,,,,,,,,,,,,,,,,
Maharashtra Circle,Pune Region,Pune Moffusil Division,Sangavi B.O,412206,BO,Delivery,Pune,Maharashtra,,,,,,,,,,,,,,,,,
Maharashtra Circle,Pune Region,Pune Moffusil Division,Sangrun B.O,412115,BO,Delivery,Pune,Maharashtra,,,,,,,,,,,,,,,,,
Maharashtra Circle,Pune Region,Pune Moffusil Division,Sangvi B.O,413102,BO,Delivery,Pune,Maharashtra,,,,,,,,,,,,,,,,,
Maharashtra Circle,Pune Region,Pune Moffusil Division,Sansar B.O,413104,BO,Non Delivery,Pune,Maharashtra,,,,,,,,,,,,,,,,,
Maharashtra Circle,Pune Region,Pune Moffusil Division,Sapkalwadi B.O,413104,BO,Delivery,Pune,Maharashtra,,,,,,,,,,,,,,,,,
Maharashtra Circle,Pune Region,Pune Moffusil Division,Sarati B.O,413103,BO,Delivery,Pune,Maharashtra,,,,,,,,,,,,,,,,,
Maharashtra Circle,Pune Region,Pune Moffusil Division,Sarole B.O,412205,BO,Delivery,Pune,Maharashtra,,,,,,,,,,,,,,,,,
Maharashtra Circle,Pune Region,Pune Moffusil Division,Saswad S.O,412301,SO,Delivery,Pune,Maharashtra,,,,,,,,,,,,,,,,,
Maharashtra Circle,Pune Region,Pune Moffusil Division,Sate B.O,412106,BO,Delivery,Pune,Maharashtra,,,,,,,,,,,,,,,,,
Maharashtra Circle,Pune Region,Pune Moffusil Division,Saval B.O,413133,BO,Delivery,Pune,Maharashtra,,,,,,,,,,,,,,,,,
Maharashtra Circle,Pune Region,Pune Moffusil Division,Savargaon B.O,412401,BO,Delivery,Pune,Maharashtra,,,,,,,,,,,,,,,,,
Maharashtra Circle,Pune Region,Pune Moffusil Division,Savindane B.O,410510,BO,Delivery,Pune,Maharashtra,,,,,,,,,,,,,,,,,
Maharashtra Circle,Pune Region,Pune Moffusil Division,Saygaon B.O,412404,BO,Delivery,Pune,Maharashtra,,,,,,,,,,,,,,,,,
Maharashtra Circle,Pune Region,Pune Moffusil Division,Shelgaon B.O,413114,BO,Delivery,Pune,Maharashtra,,,,,,,,,,,,,,,,,
Maharashtra Circle,Pune Region,Pune Moffusil Division,Shere B.O,412108,BO,Delivery,Pune,Maharashtra,,,,,,,,,,,,,,,,,
Maharashtra Circle,Pune Region,Pune Moffusil Division,Shetfalgade B.O,413130,BO,Delivery,Pune,Maharashtra,,,,,,,,,,,,,,,,,
Maharashtra Circle,Pune Region,Pune Moffusil Division,Shetphal Haveli B.O,413103,BO,Delivery,Pune,Maharashtra,,,,,,,,,,,,,,,,,
Maharashtra Circle,Pune Region,Pune Moffusil Division,Shiavane B.O,410506,BO,Delivery,Pune,Maharashtra,,,,,,,,,,,,,,,,,
Maharashtra Circle,Pune Region,Pune Moffusil Division,Shikrapur S.O,412208,SO,Non Delivery,Pune,Maharashtra,,,,,,,,,,,,,,,,,
Maharashtra Circle,Pune Region,Pune Moffusil Division,Shind B.O,412206,BO,Delivery,Pune,Maharashtra,,,,,,,,,,,,,,,,,
Maharashtra Circle,Pune Region,Pune Moffusil Division,Shindavane B.O,412202,BO,Delivery,Pune,Maharashtra,,,,,,,,,,,,,,,,,
Maharashtra Circle,Pune Region,Pune Moffusil Division,Shindewadi B.O,412205,BO,Delivery,Pune,Maharashtra,,,,,,,,,,,,,,,,,
Maharashtra Circle,Pune Region,Pune Moffusil Division,Shinoli S.O,410516,SO,Delivery,Pune,Maharashtra,,,,,,,,,,,,,,,,,
Maharashtra Circle,Pune Region,Pune Moffusil Division,Shirapur B.O,413801,BO,Delivery,Pune,Maharashtra,,,,,,,,,,,,,,,,,
Maharashtra Circle,Pune Region,Pune Moffusil Division,Shirasane B.O,413110,BO,Delivery,Pune,Maharashtra,,,,,,,,,,,,,,,,,
Maharashtra Circle,Pune Region,Pune Moffusil Division,Shirasgaonkata B.O,412210,BO,Delivery,Pune,Maharashtra,,,,,,,,,,,,,,,,,
Maharashtra Circle,Pune Region,Pune Moffusil Division,Shiravali B.O,413102,BO,Delivery,Pune,Maharashtra,,,,,,,,,,,,,,,,,
Maharashtra Circle,Pune Region,Pune Moffusil Division,Shirgaon B.O,412402,BO,Delivery,Pune,Maharashtra,,,,,,,,,,,,,,,,,
Maharashtra Circle,Pune Region,Pune Moffusil Division,Shirgaon B.O,412206,BO,Delivery,Pune,Maharashtra,,,,,,,,,,,,,,,,,
Maharashtra Circle,Pune Region,Pune Moffusil Division,Shirkoli B.O,412107,BO,Delivery,Pune,Maharashtra,,,,,,,,,,,,,,,,,
Maharashtra Circle,Pune Region,Pune Moffusil Division,Shiroli B K S.O,410511,SO,Delivery,Pune,Maharashtra,,,,,,,,,,,,,,,,,
Maharashtra Circle,Pune Region,Pune Moffusil Division,Shiroli B.O,410505,BO,Delivery,Pune,Maharashtra,,,,,,,,,,,,,,,,,
Maharashtra Circle,Pune Region,Pune Moffusil Division,Shirsatwadi B.O,413114,BO,Delivery,Pune,Maharashtra,,,,,,,,,,,,,,,,,
Maharashtra Circle,Pune Region,Pune Moffusil Division,Shirsuphal B.O,413102,BO,Delivery,Pune,Maharashtra,,,,,,,,,,,,,,,,,
Maharashtra Circle,Pune Region,Pune Moffusil Division,Shirur S.O (Pune),412210,SO,Delivery,Pune,Maharashtra,,,,,,,,,,,,,,,,,
Maharashtra Circle,Pune Region,Pune Moffusil Division,Shivajinagar H.O,411005,HO,Non Delivery,Pune,Maharashtra,,,,,,,,,,,,,,,,,
Maharashtra Circle,Pune Region,Pune Moffusil Division,Shivali B.O,410406,BO,Delivery,Pune,Maharashtra,,,,,,,,,,,,,,,,,
Maharashtra Circle,Pune Region,Pune Moffusil Division,Shivare B.O,412205,BO,Delivery,Pune,Maharashtra,,,,,,,,,,,,,,,,,
Maharashtra Circle,Pune Region,Pune Moffusil Division,Shivari B.O,412301,BO,Delivery,Pune,Maharashtra,,,,,,,,,,,,,,,,,
Maharashtra Circle,Pune Region,Pune Moffusil Division,Shive B.O,410501,BO,Delivery,Pune,Maharashtra,,,,,,,,,,,,,,,,,
Maharashtra Circle,Pune Region,Pune Moffusil Division,Shivnagar S.O,413116,SO,Delivery,Pune,Maharashtra,,,,,,,,,,,,,,,,,
Maharashtra Circle,Pune Region,Pune Moffusil Division,Shriprayagdham B.O,412202,BO,Delivery,Pune,Maharashtra,,,,,,,,,,,,,,,,,
Maharashtra Circle,Pune Region,Pune Moffusil Division,Solu B.O,412105,BO,Delivery,Pune,Maharashtra,,,,,,,,,,,,,,,,,
Maharashtra Circle,Pune Region,Pune Moffusil Division,Someshwarnagar S.O,412306,SO,Delivery,Pune,Maharashtra,,,,,,,,,,,,,,,,,
Maharashtra Circle,Pune Region,Pune Moffusil Division,Sonari B.O,412301,BO,Delivery,Pune,Maharashtra,,,,,,,,,,,,,,,,,
Maharashtra Circle,Pune Region,Pune Moffusil Division,Songaon B.O,413102,BO,Delivery,Pune,Maharashtra,,,,,,,,,,,,,,,,,
Maharashtra Circle,Pune Region,Pune Moffusil Division,Sopannagar S.O,412301,SO,Non Delivery,Pune,Maharashtra,,,,,,,,,,,,,,,,,
Maharashtra Circle,Pune Region,Pune Moffusil Division,Supa S.O (Pune),412204,SO,Delivery,Pune,Maharashtra,,,,,,,,,,,,,,,,,
Maharashtra Circle,Pune Region,Pune Moffusil Division,Survad B.O,413103,BO,Delivery,Pune,Maharashtra,,,,,,,,,,,,,,,,,
Maharashtra Circle,Pune Region,Pune Moffusil Division,Takali Bhima B.O,412208,BO,Delivery,Pune,Maharashtra,,,,,,,,,,,,,,,,,
Maharashtra Circle,Pune Region,Pune Moffusil Division,Takave KH B.O,410405,BO,Delivery,Pune,Maharashtra,,,,,,,,,,,,,,,,,
Maharashtra Circle,Pune Region,Pune Moffusil Division,Takawe BK B.O,412106,BO,Delivery,Pune,Maharashtra,,,,,,,,,,,,,,,,,
Maharashtra Circle,Pune Region,Pune Moffusil Division,Taklihaji B.O,412218,BO,Delivery,Pune,Maharashtra,,,,,,,,,,,,,,,,,
Maharashtra Circle,Pune Region,Pune Moffusil Division,Talegaon Dabhade S.O,410506,SO,Delivery,Pune,Maharashtra,,,,,,,,,,,,,,,,,
Maharashtra Circle,Pune Region,Pune Moffusil Division,Talegaon Dhamdhere S.O,412208,SO,Delivery,Pune,Maharashtra,,,,,,,,,,,,,,,,,
Maharashtra Circle,Pune Region,Pune Moffusil Division,Talegaon G H S.O,410507,SO,Delivery,Pune,Maharashtra,,,,,,,,,,,,,,,,,
Maharashtra Circle,Pune Region,Pune Moffusil Division,Taleghar B.O,410509,BO,Delivery,Pune,Maharashtra,,,,,,,,,,,,,,,,,
Maharashtra Circle,Pune Region,Pune Moffusil Division,Taleran B.O,412409,BO,Delivery,Pune,Maharashtra,,,,,,,,,,,,,,,,,
Maharashtra Circle,Pune Region,Pune Moffusil Division,Tambad B.O,412213,BO,Delivery,Pune,Maharashtra,,,,,,,,,,,,,,,,,
Maharashtra Circle,Pune Region,Pune Moffusil Division,Tambe B.O,410502,BO,Delivery,Pune,Maharashtra,,,,,,,,,,,,,,,,,
Maharashtra Circle,Pune Region,Pune Moffusil Division,Tandali B.O,412211,BO,Delivery,Pune,Maharashtra,,,,,,,,,,,,,,,,,
Maharashtra Circle,Pune Region,Pune Moffusil Division,Tandulwadi B.O,413102,BO,Delivery,Pune,Maharashtra,,,,,,,,,,,,,,,,,
Maharashtra Circle,Pune Region,Pune Moffusil Division,Taparewadi B.O,412205,BO,Delivery,Pune,Maharashtra,,,,,,,,,,,,,,,,,
Maharashtra Circle,Pune Region,Pune Moffusil Division,Tav B.O,412107,BO,Delivery,Pune,Maharashtra,,,,,,,,,,,,,,,,,
Maharashtra Circle,Pune Region,Pune Moffusil Division,Tavshi B.O,413104,BO,Delivery,Pune,Maharashtra,,,,,,,,,,,,,,,,,
Maharashtra Circle,Pune Region,Pune Moffusil Division,Tekawade B.O,412104,BO,Non Delivery,Pune,Maharashtra,,,,,,,,,,,,,,,,,
Maharashtra Circle,Pune Region,Pune Moffusil Division,Telewadi B.O,412207,BO,Delivery,Pune,Maharashtra,,,,,,,,,,,,,,,,,
Maharashtra Circle,Pune Region,Pune Moffusil Division,Theur S.O,412110,SO,Delivery,Pune,Maharashtra,,,,,,,,,,,,,,,,,
Maharashtra Circle,Pune Region,Pune Moffusil Division,Thugaon B.O,410512,BO,Delivery,Pune,Maharashtra,,,,,,,,,,,,,,,,,
Maharashtra Circle,Pune Region,Pune Moffusil Division,Tirpad B.O,410509,BO,Delivery,Pune,Maharashtra,,,,,,,,,,,,,,,,,
Maharashtra Circle,Pune Region,Pune Moffusil Division,Titeghar B.O,412206,BO,Delivery,Pune,Maharashtra,,,,,,,,,,,,,,,,,
Maharashtra Circle,Pune Region,Pune Moffusil Division,Tiwai Hills B.O,410513,BO,Delivery,Pune,Maharashtra,,,,,,,,,,,,,,,,,
Maharashtra Circle,Pune Region,Pune Moffusil Division,Tokawade B.O,412402,BO,Delivery,Pune,Maharashtra,,,,,,,,,,,,,,,,,
Maharashtra Circle,Pune Region,Pune Moffusil Division,Tondal B.O,412312,BO,Delivery,Pune,Maharashtra,,,,,,,,,,,,,,,,,
Maharashtra Circle,Pune Region,Pune Moffusil Division,Udapur B.O,412409,BO,Delivery,Pune,Maharashtra,,,,,,,,,,,,,,,,,
Maharashtra Circle,Pune Region,Pune Moffusil Division,Udhat B.O,413104,BO,Delivery,Pune,Maharashtra,,,,,,,,,,,,,,,,,
Maharashtra Circle,Pune Region,Pune Moffusil Division,Umbraj B.O,412412,BO,Delivery,Pune,Maharashtra,,,,,,,,,,,,,,,,,
Maharashtra Circle,Pune Region,Pune Moffusil Division,Umbre Navlakh B.O,410507,BO,Delivery,Pune,Maharashtra,,,,,,,,,,,,,,,,,
Maharashtra Circle,Pune Region,Pune Moffusil Division,Undawadi K P B.O,413102,BO,Delivery,Pune,Maharashtra,,,,,,,,,,,,,,,,,
Maharashtra Circle,Pune Region,Pune Moffusil Division,Undawadi Supa B.O,413102,BO,Delivery,Pune,Maharashtra,,,,,,,,,,,,,,,,,
Maharashtra Circle,Pune Region,Pune Moffusil Division,Uralgaon B.O,412211,BO,Delivery,Pune,Maharashtra,,,,,,,,,,,,,,,,,
Maharashtra Circle,Pune Region,Pune Moffusil Division,Uravade B.O,412115,BO,Delivery,Pune,Maharashtra,,,,,,,,,,,,,,,,,
Maharashtra Circle,Pune Region,Pune Moffusil Division,Urse B.O,410506,BO,Delivery,Pune,Maharashtra,,,,,,,,,,,,,,,,,
Maharashtra Circle,Pune Region,Pune Moffusil Division,Uruli Devachi B.O,412308,BO,Delivery,Pune,Maharashtra,,,,,,,,,,,,,,,,,
Maharashtra Circle,Pune Region,Pune Moffusil Division,Urulikanchan S.O,412202,SO,Delivery,Pune,Maharashtra,,,,,,,,,,,,,,,,,
Maharashtra Circle,Pune Region,Pune Moffusil Division,Utchil B.O,410502,BO,Delivery,Pune,Maharashtra,,,,,,,,,,,,,,,,,
Maharashtra Circle,Pune Region,Pune Moffusil Division,Utroli B.O,412206,BO,Delivery,Pune,Maharashtra,,,,,,,,,,,,,,,,,
Maharashtra Circle,Pune Region,Pune Moffusil Division,Vada S.O (Pune),412402,SO,Delivery,Pune,Maharashtra,,,,,,,,,,,,,,,,,
Maharashtra Circle,Pune Region,Pune Moffusil Division,Vadaj B.O,410502,BO,Delivery,Pune,Maharashtra,,,,,,,,,,,,,,,,,
Maharashtra Circle,Pune Region,Pune Moffusil Division,Vadapuri B.O,413106,BO,Delivery,Pune,Maharashtra,,,,,,,,,,,,,,,,,
Maharashtra Circle,Pune Region,Pune Moffusil Division,Vadebholhai B.O,412207,BO,Delivery,Pune,Maharashtra,,,,,,,,,,,,,,,,,
Maharashtra Circle,Pune Region,Pune Moffusil Division,Vadeshwar B.O,412106,BO,Delivery,Pune,Maharashtra,,,,,,,,,,,,,,,,,
Maharashtra Circle,Pune Region,Pune Moffusil Division,Vadgaon Anand B.O,412411,BO,Delivery,Pune,Maharashtra,,,,,,,,,,,,,,,,,
Maharashtra Circle,Pune Region,Pune Moffusil Division,Vadgaon Dalache B.O,412206,BO,Delivery,Pune,Maharashtra,,,,,,,,,,,,,,,,,
Maharashtra Circle,Pune Region,Pune Moffusil Division,Vadgaon Ghenanad B.O,410501,BO,Delivery,Pune,Maharashtra,,,,,,,,,,,,,,,,,
Maharashtra Circle,Pune Region,Pune Moffusil Division,Vadgaon Kandali B.O,412412,BO,Delivery,Pune,Maharashtra,,,,,,,,,,,,,,,,,
Maharashtra Circle,Pune Region,Pune Moffusil Division,Vadgaon Kashimbeg B.O,410503,BO,Delivery,Pune,Maharashtra,,,,,,,,,,,,,,,,,
Maharashtra Circle,Pune Region,Pune Moffusil Division,Vadgaon Nimbalkar S.O,412103,SO,Delivery,Pune,Maharashtra,,,,,,,,,,,,,,,,,
Maharashtra Circle,Pune Region,Pune Moffusil Division,Vadgaon Peer B.O,410510,BO,Delivery,Pune,Maharashtra,,,,,,,,,,,,,,,,,
Maharashtra Circle,Pune Region,Pune Moffusil Division,Vadgaon Rasai B.O,412211,BO,Delivery,Pune,Maharashtra,,,,,,,,,,,,,,,,,
Maharashtra Circle,Pune Region,Pune Moffusil Division,Vadgaon S.O (Pune),412106,SO,Delivery,Pune,Maharashtra,,,,,,,,,,,,,,,,,
Maharashtra Circle,Pune Region,Pune Moffusil Division,Vadgaon Sahani B.O,412401,BO,Delivery,Pune,Maharashtra,,,,,,,,,,,,,,,,,
Maharashtra Circle,Pune Region,Pune Moffusil Division,Vadhu BK B.O,412216,BO,Delivery,Pune,Maharashtra,,,,,,,,,,,,,,,,,
Maharashtra Circle,Pune Region,Pune Moffusil Division,Vadki B.O,412308,BO,Delivery,Pune,Maharashtra,,,,,,,,,,,,,,,,,
Maharashtra Circle,Pune Region,Pune Moffusil Division,Vagholi S.O,412207,SO,Delivery,Pune,Maharashtra,,,,,,,,,,,,,,,,,
Maharashtra Circle,Pune Region,Pune Moffusil Division,Valati B.O,410504,BO,Delivery,Pune,Maharashtra,,,,,,,,,,,,,,,,,
Maharashtra Circle,Pune Region,Pune Moffusil Division,Valha S.O,412305,SO,Delivery,Pune,Maharashtra,,,,,,,,,,,,,,,,,
Maharashtra Circle,Pune Region,Pune Moffusil Division,Vanpuri B.O,412301,BO,Delivery,Pune,Maharashtra,,,,,,,,,,,,,,,,,
Maharashtra Circle,Pune Region,Pune Moffusil Division,Vaphgaon B.O,410505,BO,Delivery,Pune,Maharashtra,,,,,,,,,,,,,,,,,
Maharashtra Circle,Pune Region,Pune Moffusil Division,Varale B.O,410507,BO,Delivery,Pune,Maharashtra,,,,,,,,,,,,,,,,,
Maharashtra Circle,Pune Region,Pune Moffusil Division,Vardade B.O,411025,BO,Delivery,Pune,Maharashtra,,,,,,,,,,,,,,,,,
Maharashtra Circle,Pune Region,Pune Moffusil Division,Varkute KH B.O,413120,BO,Delivery,Pune,Maharashtra,,,,,,,,,,,,,,,,,
Maharashtra Circle,Pune Region,Pune Moffusil Division,Varodi KH B.O,412206,BO,Delivery,Pune,Maharashtra,,,,,,,,,,,,,,,,,
Maharashtra Circle,Pune Region,Pune Moffusil Division,Varoti BK B.O,412212,BO,Delivery,Pune,Maharashtra,,,,,,,,,,,,,,,,,
Maharashtra Circle,Pune Region,Pune Moffusil Division,Varude B.O,410505,BO,Delivery,Pune,Maharashtra,,,,,,,,,,,,,,,,,
Maharashtra Circle,Pune Region,Pune Moffusil Division,Varude B.O,412209,BO,Delivery,Pune,Maharashtra,,,,,,,,,,,,,,,,,
Maharashtra Circle,Pune Region,Pune Moffusil Division,Varvand S.O,412215,SO,Delivery,Pune,Maharashtra,,,,,,,,,,,,,,,,,
Maharashtra Circle,Pune Region,Pune Moffusil Division,Varye BK B.O,412205,BO,Delivery,Pune,Maharashtra,,,,,,,,,,,,,,,,,
Maharashtra Circle,Pune Region,Pune Moffusil Division,Vasuli B.O,410501,BO,Delivery,Pune,Maharashtra,,,,,,,,,,,,,,,,,
Maharashtra Circle,Pune Region,Pune Moffusil Division,Veer S.O,412312,SO,Delivery,Pune,Maharashtra,,,,,,,,,,,,,,,,,
Maharashtra Circle,Pune Region,Pune Moffusil Division,Vehergaon B.O,410405,BO,Delivery,Pune,Maharashtra,,,,,,,,,,,,,,,,,
Maharashtra Circle,Pune Region,Pune Moffusil Division,Velhe S.O,412212,SO,Delivery,Pune,Maharashtra,,,,,,,,,,,,,,,,,
Maharashtra Circle,Pune Region,Pune Moffusil Division,Velu B.O,412205,BO,Delivery,Pune,Maharashtra,,,,,,,,,,,,,,,,,
Maharashtra Circle,Pune Region,Pune Moffusil Division,Velvand B.O,412206,BO,Delivery,Pune,Maharashtra,,,,,,,,,,,,,,,,,
Maharashtra Circle,Pune Region,Pune Moffusil Division,Venavadi B.O,412206,BO,Delivery,Pune,Maharashtra,,,,,,,,,,,,,,,,,
Maharashtra Circle,Pune Region,Pune Moffusil Division,Vetale B.O,412404,BO,Delivery,Pune,Maharashtra,,,,,,,,,,,,,,,,,
Maharashtra Circle,Pune Region,Pune Moffusil Division,Vishnupuri B.O,410507,BO,Delivery,Pune,Maharashtra,,,,,,,,,,,,,,,,,
Maharashtra Circle,Pune Region,Pune Moffusil Division,Vithalwadi B.O,412208,BO,Delivery,Pune,Maharashtra,,,,,,,,,,,,,,,,,
Maharashtra Circle,Pune Region,Pune Moffusil Division,Vyahali B.O,413120,BO,Delivery,Pune,Maharashtra,,,,,,,,,,,,,,,,,
Maharashtra Circle,Pune Region,Pune Moffusil Division,Waghapur B.O,412104,BO,Delivery,Pune,Maharashtra,,,,,,,,,,,,,,,,,
Maharashtra Circle,Pune Region,Pune Moffusil Division,Waki B.O,412306,BO,Delivery,Pune,Maharashtra,,,,,,,,,,,,,,,,,
Maharashtra Circle,Pune Region,Pune Moffusil Division,Waki BK B.O,410501,BO,Delivery,Pune,Maharashtra,,,,,,,,,,,,,,,,,
Maharashtra Circle,Pune Region,Pune Moffusil Division,Walchandnagar S.O,413114,SO,Delivery,Pune,Maharashtra,,,,,,,,,,,,,,,,,
Maharashtra Circle,Pune Region,Pune Moffusil Division,Walki B.O,412207,BO,Delivery,Pune,Maharashtra,,,,,,,,,,,,,,,,,
Maharashtra Circle,Pune Region,Pune Moffusil Division,Walunj B.O,412303,BO,Delivery,Pune,Maharashtra,,,,,,,,,,,,,,,,,
Maharashtra Circle,Pune Region,Pune Moffusil Division,Wangani B.O,412213,BO,Delivery,Pune,Maharashtra,,,,,,,,,,,,,,,,,
Maharashtra Circle,Pune Region,Pune Moffusil Division,Washere B.O,412404,BO,Delivery,Pune,Maharashtra,,,,,,,,,,,,,,,,,
Maharashtra Circle,Pune Region,Pune Moffusil Division,Watluj B.O,413105,BO,Delivery,Pune,Maharashtra,,,,,,,,,,,,,,,,,
Maharashtra Circle,Pune Region,Pune Moffusil Division,Winzer B.O,412213,BO,Delivery,Pune,Maharashtra,,,,,,,,,,,,,,,,,
Maharashtra Circle,Pune Region,Pune Moffusil Division,Yavat R S B.O,412214,BO,Non Delivery,Pune,Maharashtra,,,,,,,,,,,,,,,,,
Maharashtra Circle,Pune Region,Pune Moffusil Division,Yavat S.O,412214,SO,Delivery,Pune,Maharashtra,,,,,,,,,,,,,,,,,
Maharashtra Circle,Pune Region,Pune Moffusil Division,Yedgaon B.O,410504,BO,Delivery,Pune,Maharashtra,,,,,,,,,,,,,,,,,
Maharashtra Circle,Pune Region,Pune Moffusil Division,Yenere B.O,410502,BO,Delivery,Pune,Maharashtra,,,,,,,,,,,,,,,,,
Maharashtra Circle,Pune Region,Pune Moffusil Division,Yeniye BK B.O,410505,BO,Delivery,Pune,Maharashtra,,,,,,,,,,,,,,,,,
